inspection_id,ro_id,ro_name,office_id,office_name,city,state,zone,ro_profile,inspection_date,quarter,year,inspection_type,inspector_name,total_yes,total_no,total_na,compliance_score,semantic_risk_score,high_risk_remarks,medium_risk_remarks,section_ppe_score,section_housekeeping_score,section_permits_score,section_electrical_score,section_hydrocarbon_score,section_emergency_score,section_confined_score,section_welding_score,section_documentation_score,overall_risk_level
INSP00001,RO0001,IOCL RO Delhi Cantonment,OFF01,Delhi Central Office,Delhi,Delhi,Delhi NCR,Average,2023-03-31,Q1,2023,Quarterly,Kavita Yadav,82,26,36,75.93,52.78,25,26,84.62,71.43,80.0,70.0,90.0,90.91,80.0,50.0,100.0,High
INSP00002,RO0001,IOCL RO Delhi Cantonment,OFF01,Delhi Central Office,Delhi,Delhi,Delhi NCR,Average,2023-06-30,Q2,2023,Quarterly,Shweta Bhatia,72,29,43,71.29,60.42,30,27,100.0,57.14,28.57,72.73,81.82,40.0,75.0,90.91,66.67,High
INSP00003,RO0001,IOCL RO Delhi Cantonment,OFF01,Delhi Central Office,Delhi,Delhi,Delhi NCR,Average,2023-09-30,Q3,2023,Quarterly,Priya Singh,72,26,46,73.47,52.08,24,27,70.0,87.5,100.0,80.0,81.82,90.0,42.86,37.5,75.0,High
INSP00004,RO0001,IOCL RO Delhi Cantonment,OFF01,Delhi Central Office,Delhi,Delhi,Delhi NCR,Average,2023-12-31,Q4,2023,Annual,Priya Singh,85,17,42,83.33,46.53,18,31,81.82,100.0,66.67,70.0,55.56,90.0,87.5,90.91,100.0,High
INSP00005,RO0001,IOCL RO Delhi Cantonment,OFF01,Delhi Central Office,Delhi,Delhi,Delhi NCR,Average,2024-03-31,Q1,2024,Quarterly,Vikram Pandey,77,25,42,75.49,55.56,23,34,76.92,71.43,100.0,66.67,81.82,77.78,50.0,81.82,50.0,High
INSP00006,RO0001,IOCL RO Delhi Cantonment,OFF01,Delhi Central Office,Delhi,Delhi,Delhi NCR,Average,2024-06-30,Q2,2024,Quarterly,Anjali Srivastava,76,30,38,71.7,58.33,25,34,72.73,87.5,50.0,75.0,75.0,70.0,57.14,80.0,50.0,High
INSP00007,RO0001,IOCL RO Delhi Cantonment,OFF01,Delhi Central Office,Delhi,Delhi,Delhi NCR,Average,2024-09-30,Q3,2024,Quarterly,Rekha Patel,82,25,37,76.64,61.11,25,38,75.0,85.71,71.43,62.5,58.33,90.91,100.0,83.33,100.0,High
INSP00008,RO0001,IOCL RO Delhi Cantonment,OFF01,Delhi Central Office,Delhi,Delhi,Delhi NCR,Average,2024-12-31,Q4,2024,Annual,Meena Saxena,77,27,40,74.04,56.25,22,37,83.33,71.43,100.0,50.0,100.0,87.5,70.0,75.0,0.0,High
INSP00009,RO0002,IOCL RO Delhi GT Road,OFF01,Delhi Central Office,Delhi,Delhi,Delhi NCR,Good,2023-03-31,Q1,2023,Quarterly,Alok Tripathi,108,6,30,94.74,26.39,6,26,84.62,100.0,100.0,100.0,100.0,90.91,100.0,100.0,100.0,Medium
INSP00010,RO0002,IOCL RO Delhi GT Road,OFF01,Delhi Central Office,Delhi,Delhi,Delhi NCR,Good,2023-06-30,Q2,2023,Quarterly,Anjali Srivastava,102,9,33,91.89,33.33,10,28,100.0,87.5,87.5,100.0,100.0,90.91,88.89,83.33,100.0,High
INSP00011,RO0002,IOCL RO Delhi GT Road,OFF01,Delhi Central Office,Delhi,Delhi,Delhi NCR,Good,2023-09-30,Q3,2023,Quarterly,Sunita Gupta,103,9,32,91.96,27.08,9,21,100.0,100.0,100.0,100.0,100.0,88.89,90.0,75.0,100.0,Medium
INSP00012,RO0002,IOCL RO Delhi GT Road,OFF01,Delhi Central Office,Delhi,Delhi,Delhi NCR,Good,2023-12-31,Q4,2023,Annual,Amit Sharma,104,9,31,92.04,27.78,9,22,100.0,100.0,71.43,90.91,100.0,100.0,88.89,100.0,100.0,Medium
INSP00013,RO0002,IOCL RO Delhi GT Road,OFF01,Delhi Central Office,Delhi,Delhi,Delhi NCR,Good,2024-03-31,Q1,2024,Quarterly,Rohit Mishra,97,11,36,89.81,33.33,12,24,100.0,66.67,100.0,90.91,100.0,81.82,77.78,90.0,75.0,High
INSP00014,RO0002,IOCL RO Delhi GT Road,OFF01,Delhi Central Office,Delhi,Delhi,Delhi NCR,Good,2024-06-30,Q2,2024,Quarterly,Suresh Nair,105,9,30,92.11,20.14,7,15,92.31,100.0,100.0,72.73,91.67,100.0,100.0,83.33,100.0,Medium
INSP00015,RO0002,IOCL RO Delhi GT Road,OFF01,Delhi Central Office,Delhi,Delhi,Delhi NCR,Good,2024-09-30,Q3,2024,Quarterly,Pooja Chauhan,100,11,33,90.09,27.78,10,20,92.31,87.5,100.0,80.0,100.0,80.0,90.0,91.67,100.0,Medium
INSP00016,RO0002,IOCL RO Delhi GT Road,OFF01,Delhi Central Office,Delhi,Delhi,Delhi NCR,Good,2024-12-31,Q4,2024,Annual,Manish Tiwari,101,8,35,92.66,23.61,9,16,91.67,100.0,100.0,90.91,100.0,90.91,88.89,90.91,75.0,Medium
INSP00017,RO0003,IOCL RO Delhi Sector 4,OFF01,Delhi Central Office,Delhi,Delhi,Delhi NCR,Good,2023-03-31,Q1,2023,Quarterly,Rohit Mishra,101,12,31,89.38,29.86,8,27,76.92,87.5,100.0,90.0,100.0,100.0,88.89,100.0,100.0,Medium
INSP00018,RO0003,IOCL RO Delhi Sector 4,OFF01,Delhi Central Office,Delhi,Delhi,Delhi NCR,Good,2023-06-30,Q2,2023,Quarterly,Rohit Mishra,108,8,28,93.1,26.39,10,18,92.31,100.0,100.0,81.82,100.0,100.0,88.89,100.0,100.0,Medium
INSP00019,RO0003,IOCL RO Delhi Sector 4,OFF01,Delhi Central Office,Delhi,Delhi,Delhi NCR,Good,2023-09-30,Q3,2023,Quarterly,Sunita Gupta,108,4,32,96.43,23.61,6,22,92.31,100.0,100.0,100.0,100.0,100.0,100.0,90.91,100.0,Medium
INSP00020,RO0003,IOCL RO Delhi Sector 4,OFF01,Delhi Central Office,Delhi,Delhi,Delhi NCR,Good,2023-12-31,Q4,2023,Annual,Amit Sharma,98,14,32,87.5,33.33,12,24,92.31,75.0,75.0,90.91,100.0,90.91,80.0,90.0,75.0,High
INSP00021,RO0003,IOCL RO Delhi Sector 4,OFF01,Delhi Central Office,Delhi,Delhi,Delhi NCR,Good,2024-03-31,Q1,2024,Quarterly,Anjali Srivastava,94,13,37,87.85,35.42,13,25,100.0,100.0,87.5,72.73,83.33,80.0,87.5,90.91,75.0,High
INSP00022,RO0003,IOCL RO Delhi Sector 4,OFF01,Delhi Central Office,Delhi,Delhi,Delhi NCR,Good,2024-06-30,Q2,2024,Quarterly,Vikram Pandey,101,10,33,90.99,27.08,10,19,90.91,100.0,85.71,100.0,91.67,90.0,100.0,91.67,100.0,Medium
INSP00023,RO0003,IOCL RO Delhi Sector 4,OFF01,Delhi Central Office,Delhi,Delhi,Delhi NCR,Good,2024-09-30,Q3,2024,Quarterly,Vikram Pandey,95,8,41,92.23,20.14,7,15,84.62,100.0,75.0,77.78,100.0,88.89,100.0,90.91,100.0,Medium
INSP00024,RO0003,IOCL RO Delhi Sector 4,OFF01,Delhi Central Office,Delhi,Delhi,Delhi NCR,Good,2024-12-31,Q4,2024,Annual,Shweta Bhatia,101,8,35,92.66,27.78,6,28,100.0,100.0,87.5,88.89,100.0,100.0,85.71,100.0,100.0,Medium
INSP00025,RO0004,IOCL RO Delhi Sector 1,OFF01,Delhi Central Office,Delhi,Delhi,Delhi NCR,Poor,2023-03-31,Q1,2023,Quarterly,Kavita Yadav,52,48,44,52.0,81.94,47,24,81.82,37.5,60.0,55.56,55.56,54.55,50.0,70.0,50.0,High
INSP00026,RO0004,IOCL RO Delhi Sector 1,OFF01,Delhi Central Office,Delhi,Delhi,Delhi NCR,Poor,2023-06-30,Q2,2023,Quarterly,Manish Tiwari,61,48,35,55.96,92.36,48,37,75.0,57.14,57.14,33.33,81.82,11.11,33.33,50.0,100.0,High
INSP00027,RO0004,IOCL RO Delhi Sector 1,OFF01,Delhi Central Office,Delhi,Delhi,Delhi NCR,Poor,2023-09-30,Q3,2023,Quarterly,Dinesh Rao,49,55,40,47.12,92.36,49,35,55.56,50.0,28.57,70.0,22.22,45.45,44.44,75.0,66.67,High
INSP00028,RO0004,IOCL RO Delhi Sector 1,OFF01,Delhi Central Office,Delhi,Delhi,Delhi NCR,Poor,2023-12-31,Q4,2023,Annual,Rohit Mishra,44,51,49,46.32,92.36,52,29,50.0,62.5,37.5,66.67,37.5,40.0,25.0,44.44,33.33,High
INSP00029,RO0004,IOCL RO Delhi Sector 1,OFF01,Delhi Central Office,Delhi,Delhi,Delhi NCR,Poor,2024-03-31,Q1,2024,Quarterly,Alok Tripathi,52,52,40,50.0,90.28,48,34,50.0,28.57,83.33,45.45,41.67,27.27,62.5,60.0,50.0,High
INSP00030,RO0004,IOCL RO Delhi Sector 1,OFF01,Delhi Central Office,Delhi,Delhi,Delhi NCR,Poor,2024-06-30,Q2,2024,Quarterly,Priya Singh,54,43,47,55.67,81.25,42,33,53.85,16.67,62.5,33.33,36.36,71.43,85.71,44.44,100.0,High
INSP00031,RO0004,IOCL RO Delhi Sector 1,OFF01,Delhi Central Office,Delhi,Delhi,Delhi NCR,Poor,2024-09-30,Q3,2024,Quarterly,Anjali Srivastava,53,49,42,51.96,84.03,46,29,50.0,62.5,37.5,44.44,54.55,45.45,55.56,54.55,50.0,High
INSP00032,RO0004,IOCL RO Delhi Sector 1,OFF01,Delhi Central Office,Delhi,Delhi,Delhi NCR,Poor,2024-12-31,Q4,2024,Annual,Manish Tiwari,56,46,42,54.9,90.28,48,34,53.85,80.0,83.33,40.0,45.45,75.0,44.44,41.67,66.67,High
INSP00033,RO0005,IOCL RO Delhi Sector 12,OFF01,Delhi Central Office,Delhi,Delhi,Delhi NCR,Average,2023-03-31,Q1,2023,Quarterly,Shweta Bhatia,89,14,41,86.41,43.06,13,36,72.73,87.5,85.71,80.0,91.67,90.0,100.0,100.0,75.0,High
INSP00034,RO0005,IOCL RO Delhi Sector 12,OFF01,Delhi Central Office,Delhi,Delhi,Delhi NCR,Average,2023-06-30,Q2,2023,Quarterly,Rajesh Kumar,81,23,40,77.88,56.25,22,37,83.33,57.14,71.43,80.0,58.33,77.78,100.0,81.82,75.0,High
INSP00035,RO0005,IOCL RO Delhi Sector 12,OFF01,Delhi Central Office,Delhi,Delhi,Delhi NCR,Average,2023-09-30,Q3,2023,Quarterly,Priya Singh,90,17,37,84.11,52.08,17,41,100.0,87.5,85.71,90.0,72.73,88.89,90.0,90.91,100.0,High
INSP00036,RO0005,IOCL RO Delhi Sector 12,OFF01,Delhi Central Office,Delhi,Delhi,Delhi NCR,Average,2023-12-31,Q4,2023,Annual,Sunita Gupta,77,31,36,71.3,59.72,27,32,45.45,71.43,75.0,80.0,81.82,87.5,80.0,72.73,75.0,High
INSP00037,RO0005,IOCL RO Delhi Sector 12,OFF01,Delhi Central Office,Delhi,Delhi,Delhi NCR,Average,2024-03-31,Q1,2024,Quarterly,Alok Tripathi,86,25,33,77.48,59.03,23,39,92.86,85.71,83.33,63.64,58.33,90.91,66.67,83.33,75.0,High
INSP00038,RO0005,IOCL RO Delhi Sector 12,OFF01,Delhi Central Office,Delhi,Delhi,Delhi NCR,Average,2024-06-30,Q2,2024,Quarterly,Alok Tripathi,72,27,45,72.73,53.47,23,31,90.91,75.0,75.0,63.64,70.0,70.0,85.71,62.5,75.0,High
INSP00039,RO0005,IOCL RO Delhi Sector 12,OFF01,Delhi Central Office,Delhi,Delhi,Delhi NCR,Average,2024-09-30,Q3,2024,Quarterly,Sunita Gupta,85,29,30,74.56,63.19,30,31,91.67,71.43,100.0,80.0,81.82,60.0,90.0,58.33,50.0,High
INSP00040,RO0005,IOCL RO Delhi Sector 12,OFF01,Delhi Central Office,Delhi,Delhi,Delhi NCR,Average,2024-12-31,Q4,2024,Annual,Sunita Gupta,86,23,35,78.9,53.47,20,37,76.92,83.33,50.0,72.73,100.0,81.82,100.0,90.91,100.0,High
INSP00041,RO0006,IOCL RO Delhi Main Road,OFF01,Delhi Central Office,Delhi,Delhi,Delhi NCR,Average,2023-03-31,Q1,2023,Quarterly,Priya Singh,75,28,41,72.82,59.72,23,40,80.0,60.0,100.0,70.0,72.73,90.91,44.44,75.0,75.0,High
INSP00042,RO0006,IOCL RO Delhi Main Road,OFF01,Delhi Central Office,Delhi,Delhi,Delhi NCR,Average,2023-06-30,Q2,2023,Quarterly,Meena Saxena,81,25,38,76.42,61.81,25,39,58.33,50.0,62.5,72.73,66.67,85.71,100.0,72.73,100.0,High
INSP00043,RO0006,IOCL RO Delhi Main Road,OFF01,Delhi Central Office,Delhi,Delhi,Delhi NCR,Average,2023-09-30,Q3,2023,Quarterly,Alok Tripathi,81,28,35,74.31,59.03,26,33,75.0,85.71,75.0,81.82,72.73,81.82,88.89,50.0,100.0,High
INSP00044,RO0006,IOCL RO Delhi Main Road,OFF01,Delhi Central Office,Delhi,Delhi,Delhi NCR,Average,2023-12-31,Q4,2023,Annual,Sunita Gupta,76,23,45,76.77,51.39,21,32,70.0,100.0,71.43,77.78,100.0,70.0,66.67,80.0,66.67,High
INSP00045,RO0006,IOCL RO Delhi Main Road,OFF01,Delhi Central Office,Delhi,Delhi,Delhi NCR,Average,2024-03-31,Q1,2024,Quarterly,Dinesh Rao,80,27,37,74.77,56.94,23,36,81.82,50.0,83.33,70.0,90.0,72.73,75.0,81.82,75.0,High
INSP00046,RO0006,IOCL RO Delhi Main Road,OFF01,Delhi Central Office,Delhi,Delhi,Delhi NCR,Average,2024-06-30,Q2,2024,Quarterly,Alok Tripathi,77,27,40,74.04,61.11,27,34,75.0,85.71,75.0,72.73,60.0,62.5,88.89,81.82,75.0,High
INSP00047,RO0006,IOCL RO Delhi Main Road,OFF01,Delhi Central Office,Delhi,Delhi,Delhi NCR,Average,2024-09-30,Q3,2024,Quarterly,Manish Tiwari,74,31,39,70.48,64.58,32,29,63.64,66.67,62.5,80.0,75.0,81.82,55.56,83.33,66.67,High
INSP00048,RO0006,IOCL RO Delhi Main Road,OFF01,Delhi Central Office,Delhi,Delhi,Delhi NCR,Average,2024-12-31,Q4,2024,Annual,Neha Agarwal,78,24,42,76.47,59.03,25,35,81.82,71.43,83.33,81.82,81.82,70.0,60.0,77.78,100.0,High
INSP00049,RO0007,IOCL RO Delhi Cantonment,OFF02,Delhi East Office,Delhi,Delhi,Delhi NCR,Good,2023-03-31,Q1,2023,Quarterly,Manish Tiwari,102,11,31,90.27,27.08,10,19,92.31,100.0,100.0,81.82,83.33,90.91,80.0,83.33,100.0,Medium
INSP00050,RO0007,IOCL RO Delhi Cantonment,OFF02,Delhi East Office,Delhi,Delhi,Delhi NCR,Good,2023-06-30,Q2,2023,Quarterly,Dinesh Rao,100,13,31,88.5,36.81,13,27,92.31,87.5,85.71,81.82,91.67,100.0,100.0,100.0,75.0,High
INSP00051,RO0007,IOCL RO Delhi Cantonment,OFF02,Delhi East Office,Delhi,Delhi,Delhi NCR,Good,2023-09-30,Q3,2023,Quarterly,Kavita Yadav,103,11,30,90.35,33.33,10,28,84.62,100.0,87.5,100.0,100.0,90.91,90.0,83.33,75.0,High
INSP00052,RO0007,IOCL RO Delhi Cantonment,OFF02,Delhi East Office,Delhi,Delhi,Delhi NCR,Good,2023-12-31,Q4,2023,Annual,Suresh Nair,101,9,34,91.82,29.17,9,24,84.62,100.0,100.0,100.0,100.0,100.0,100.0,91.67,100.0,Medium
INSP00053,RO0007,IOCL RO Delhi Cantonment,OFF02,Delhi East Office,Delhi,Delhi,Delhi NCR,Good,2024-03-31,Q1,2024,Quarterly,Rohit Mishra,100,10,34,90.91,27.08,8,23,75.0,87.5,85.71,90.91,90.91,100.0,100.0,81.82,100.0,Medium
INSP00054,RO0007,IOCL RO Delhi Cantonment,OFF02,Delhi East Office,Delhi,Delhi,Delhi NCR,Good,2024-06-30,Q2,2024,Quarterly,Shweta Bhatia,100,7,37,93.46,24.31,6,23,100.0,100.0,100.0,100.0,100.0,100.0,90.0,100.0,100.0,Medium
INSP00055,RO0007,IOCL RO Delhi Cantonment,OFF02,Delhi East Office,Delhi,Delhi,Delhi NCR,Good,2024-09-30,Q3,2024,Quarterly,Neha Agarwal,104,8,32,92.86,25.69,9,19,100.0,75.0,87.5,100.0,100.0,100.0,87.5,100.0,75.0,Medium
INSP00056,RO0007,IOCL RO Delhi Cantonment,OFF02,Delhi East Office,Delhi,Delhi,Delhi NCR,Good,2024-12-31,Q4,2024,Annual,Pooja Chauhan,105,10,29,91.3,31.94,9,28,85.71,75.0,100.0,90.91,100.0,90.91,80.0,100.0,100.0,High
INSP00057,RO0008,IOCL RO Delhi Industrial Area,OFF02,Delhi East Office,Delhi,Delhi,Delhi NCR,Average,2023-03-31,Q1,2023,Quarterly,Deepak Verma,80,17,47,82.47,47.92,18,33,90.91,83.33,71.43,77.78,90.0,62.5,100.0,60.0,100.0,High
INSP00058,RO0008,IOCL RO Delhi Industrial Area,OFF02,Delhi East Office,Delhi,Delhi,Delhi NCR,Average,2023-06-30,Q2,2023,Quarterly,Kavita Yadav,81,17,46,82.65,49.31,17,37,90.0,85.71,100.0,66.67,72.73,85.71,100.0,100.0,66.67,High
INSP00059,RO0008,IOCL RO Delhi Industrial Area,OFF02,Delhi East Office,Delhi,Delhi,Delhi NCR,Average,2023-09-30,Q3,2023,Quarterly,Rahul Dubey,86,21,37,80.37,55.56,22,36,84.62,100.0,87.5,87.5,63.64,80.0,77.78,66.67,50.0,High
INSP00060,RO0008,IOCL RO Delhi Industrial Area,OFF02,Delhi East Office,Delhi,Delhi,Delhi NCR,Average,2023-12-31,Q4,2023,Annual,Rajesh Kumar,74,26,44,74.0,51.39,23,28,69.23,75.0,83.33,77.78,70.0,75.0,90.0,80.0,66.67,High
INSP00061,RO0008,IOCL RO Delhi Industrial Area,OFF02,Delhi East Office,Delhi,Delhi,Delhi NCR,Average,2024-03-31,Q1,2024,Quarterly,Priya Singh,78,23,43,77.23,54.86,24,31,76.92,75.0,71.43,81.82,81.82,88.89,87.5,70.0,0.0,High
INSP00062,RO0008,IOCL RO Delhi Industrial Area,OFF02,Delhi East Office,Delhi,Delhi,Delhi NCR,Average,2024-06-30,Q2,2024,Quarterly,Priya Singh,76,25,43,75.25,55.56,22,36,70.0,85.71,71.43,87.5,45.45,81.82,88.89,90.0,33.33,High
INSP00063,RO0008,IOCL RO Delhi Industrial Area,OFF02,Delhi East Office,Delhi,Delhi,Delhi NCR,Average,2024-09-30,Q3,2024,Quarterly,Kavita Yadav,71,34,39,67.62,60.42,29,29,84.62,33.33,85.71,63.64,72.73,100.0,80.0,75.0,50.0,High
INSP00064,RO0008,IOCL RO Delhi Industrial Area,OFF02,Delhi East Office,Delhi,Delhi,Delhi NCR,Average,2024-12-31,Q4,2024,Annual,Anjali Srivastava,72,27,45,72.73,56.25,25,31,69.23,62.5,71.43,77.78,90.91,72.73,87.5,57.14,25.0,High
INSP00065,RO0009,IOCL RO Delhi Sector 1,OFF02,Delhi East Office,Delhi,Delhi,Delhi NCR,Average,2023-03-31,Q1,2023,Quarterly,Rekha Patel,75,23,46,76.53,54.17,23,32,81.82,50.0,62.5,83.33,88.89,55.56,100.0,91.67,100.0,High
INSP00066,RO0009,IOCL RO Delhi Sector 1,OFF02,Delhi East Office,Delhi,Delhi,Delhi NCR,Average,2023-06-30,Q2,2023,Quarterly,Rajesh Kumar,82,25,37,76.64,59.72,22,42,61.54,50.0,71.43,80.0,80.0,80.0,100.0,77.78,75.0,High
INSP00067,RO0009,IOCL RO Delhi Sector 1,OFF02,Delhi East Office,Delhi,Delhi,Delhi NCR,Average,2023-09-30,Q3,2023,Quarterly,Rekha Patel,84,19,41,81.55,52.78,20,36,100.0,100.0,50.0,81.82,80.0,85.71,42.86,80.0,100.0,High
INSP00068,RO0009,IOCL RO Delhi Sector 1,OFF02,Delhi East Office,Delhi,Delhi,Delhi NCR,Average,2023-12-31,Q4,2023,Annual,Sanjay Joshi,78,27,39,74.29,56.25,18,45,37.5,85.71,66.67,80.0,90.0,100.0,70.0,83.33,66.67,High
INSP00069,RO0009,IOCL RO Delhi Sector 1,OFF02,Delhi East Office,Delhi,Delhi,Delhi NCR,Average,2024-03-31,Q1,2024,Quarterly,Vikram Pandey,72,30,42,70.59,61.81,28,33,83.33,66.67,100.0,50.0,50.0,80.0,77.78,81.82,100.0,High
INSP00070,RO0009,IOCL RO Delhi Sector 1,OFF02,Delhi East Office,Delhi,Delhi,Delhi NCR,Average,2024-06-30,Q2,2024,Quarterly,Dinesh Rao,78,27,39,74.29,53.47,21,35,61.54,85.71,100.0,90.0,77.78,80.0,62.5,81.82,75.0,High
INSP00071,RO0009,IOCL RO Delhi Sector 1,OFF02,Delhi East Office,Delhi,Delhi,Delhi NCR,Average,2024-09-30,Q3,2024,Quarterly,Neha Agarwal,79,26,39,75.24,59.03,25,35,66.67,85.71,87.5,54.55,70.0,70.0,60.0,87.5,100.0,High
INSP00072,RO0009,IOCL RO Delhi Sector 1,OFF02,Delhi East Office,Delhi,Delhi,Delhi NCR,Average,2024-12-31,Q4,2024,Annual,Pooja Chauhan,78,20,46,79.59,50.0,17,38,81.82,85.71,57.14,70.0,100.0,66.67,75.0,80.0,75.0,High
INSP00073,RO0010,IOCL RO Delhi Sector 34,OFF02,Delhi East Office,Delhi,Delhi,Delhi NCR,Poor,2023-03-31,Q1,2023,Quarterly,Manish Tiwari,49,52,43,48.51,90.28,50,30,54.55,33.33,62.5,87.5,10.0,54.55,70.0,36.36,25.0,High
INSP00074,RO0010,IOCL RO Delhi Sector 34,OFF02,Delhi East Office,Delhi,Delhi,Delhi NCR,Poor,2023-06-30,Q2,2023,Quarterly,Amit Sharma,43,61,40,41.35,100.0,58,28,53.85,50.0,25.0,60.0,33.33,40.0,50.0,33.33,50.0,High
INSP00075,RO0010,IOCL RO Delhi Sector 34,OFF02,Delhi East Office,Delhi,Delhi,Delhi NCR,Poor,2023-09-30,Q3,2023,Quarterly,Suresh Nair,49,49,46,50.0,85.42,46,31,50.0,50.0,60.0,40.0,45.45,50.0,28.57,58.33,50.0,High
INSP00076,RO0010,IOCL RO Delhi Sector 34,OFF02,Delhi East Office,Delhi,Delhi,Delhi NCR,Poor,2023-12-31,Q4,2023,Annual,Rajesh Kumar,42,58,44,42.0,96.53,56,27,20.0,75.0,42.86,55.56,44.44,44.44,44.44,44.44,0.0,High
INSP00077,RO0010,IOCL RO Delhi Sector 34,OFF02,Delhi East Office,Delhi,Delhi,Delhi NCR,Poor,2024-03-31,Q1,2024,Quarterly,Pooja Chauhan,44,64,36,40.74,103.47,57,35,23.08,0.0,33.33,40.0,50.0,63.64,25.0,66.67,50.0,High
INSP00078,RO0010,IOCL RO Delhi Sector 34,OFF02,Delhi East Office,Delhi,Delhi,Delhi NCR,Poor,2024-06-30,Q2,2024,Quarterly,Sunita Gupta,53,45,46,54.08,87.5,45,36,53.85,71.43,71.43,50.0,70.0,62.5,71.43,45.45,50.0,High
INSP00079,RO0010,IOCL RO Delhi Sector 34,OFF02,Delhi East Office,Delhi,Delhi,Delhi NCR,Poor,2024-09-30,Q3,2024,Quarterly,Pooja Chauhan,45,58,41,43.69,101.39,58,30,33.33,42.86,0.0,0.0,63.64,36.36,80.0,50.0,50.0,High
INSP00080,RO0010,IOCL RO Delhi Sector 34,OFF02,Delhi East Office,Delhi,Delhi,Delhi NCR,Poor,2024-12-31,Q4,2024,Annual,Neha Agarwal,60,43,41,58.25,77.08,39,33,45.45,57.14,50.0,72.73,40.0,77.78,71.43,54.55,100.0,High
INSP00081,RO0011,IOCL RO Delhi GT Road,OFF02,Delhi East Office,Delhi,Delhi,Delhi NCR,Average,2023-03-31,Q1,2023,Quarterly,Vikram Pandey,71,33,40,68.27,66.67,29,38,83.33,75.0,87.5,55.56,62.5,70.0,62.5,41.67,75.0,High
INSP00082,RO0011,IOCL RO Delhi GT Road,OFF02,Delhi East Office,Delhi,Delhi,Delhi NCR,Average,2023-06-30,Q2,2023,Quarterly,Kavita Yadav,73,33,38,68.87,63.89,31,30,72.73,50.0,75.0,90.91,70.0,100.0,50.0,72.73,50.0,High
INSP00083,RO0011,IOCL RO Delhi GT Road,OFF02,Delhi East Office,Delhi,Delhi,Delhi NCR,Average,2023-09-30,Q3,2023,Quarterly,Vikram Pandey,78,22,44,78.0,54.86,24,31,84.62,62.5,85.71,87.5,88.89,90.0,100.0,75.0,100.0,High
INSP00084,RO0011,IOCL RO Delhi GT Road,OFF02,Delhi East Office,Delhi,Delhi,Delhi NCR,Average,2023-12-31,Q4,2023,Annual,Manish Tiwari,62,38,44,62.0,68.06,34,30,46.15,87.5,66.67,55.56,66.67,60.0,75.0,45.45,50.0,High
INSP00085,RO0011,IOCL RO Delhi GT Road,OFF02,Delhi East Office,Delhi,Delhi,Delhi NCR,Average,2024-03-31,Q1,2024,Quarterly,Suresh Nair,73,30,41,70.87,59.72,28,30,50.0,85.71,57.14,80.0,81.82,88.89,66.67,62.5,100.0,High
INSP00086,RO0011,IOCL RO Delhi GT Road,OFF02,Delhi East Office,Delhi,Delhi,Delhi NCR,Average,2024-06-30,Q2,2024,Quarterly,Kavita Yadav,81,21,42,79.41,45.83,19,28,53.85,100.0,100.0,90.91,90.0,77.78,88.89,90.91,50.0,High
INSP00087,RO0011,IOCL RO Delhi GT Road,OFF02,Delhi East Office,Delhi,Delhi,Delhi NCR,Average,2024-09-30,Q3,2024,Quarterly,Sanjay Joshi,74,26,44,74.0,59.03,29,27,81.82,100.0,100.0,70.0,54.55,85.71,100.0,30.0,66.67,High
INSP00088,RO0011,IOCL RO Delhi GT Road,OFF02,Delhi East Office,Delhi,Delhi,Delhi NCR,Average,2024-12-31,Q4,2024,Annual,Kavita Yadav,77,23,44,77.0,50.69,23,27,91.67,100.0,83.33,80.0,63.64,90.0,87.5,55.56,75.0,High
INSP00089,RO0012,IOCL RO Delhi Market Road,OFF03,Delhi West Office,Delhi,Delhi,Delhi NCR,Poor,2023-03-31,Q1,2023,Quarterly,Manish Tiwari,52,44,48,54.17,82.64,40,39,30.77,85.71,71.43,75.0,54.55,66.67,33.33,45.45,66.67,High
INSP00090,RO0012,IOCL RO Delhi Market Road,OFF03,Delhi West Office,Delhi,Delhi,Delhi NCR,Poor,2023-06-30,Q2,2023,Quarterly,Priya Singh,53,47,44,53.0,81.94,45,28,50.0,28.57,66.67,55.56,66.67,55.56,55.56,50.0,66.67,High
INSP00091,RO0012,IOCL RO Delhi Market Road,OFF03,Delhi West Office,Delhi,Delhi,Delhi NCR,Poor,2023-09-30,Q3,2023,Quarterly,Rahul Dubey,55,50,39,52.38,86.11,47,30,45.45,62.5,71.43,40.0,50.0,60.0,66.67,20.0,100.0,High
INSP00092,RO0012,IOCL RO Delhi Market Road,OFF03,Delhi West Office,Delhi,Delhi,Delhi NCR,Poor,2023-12-31,Q4,2023,Annual,Vikram Pandey,51,50,43,50.5,91.67,49,34,33.33,66.67,42.86,62.5,72.73,30.0,75.0,50.0,66.67,High
INSP00093,RO0012,IOCL RO Delhi Market Road,OFF03,Delhi West Office,Delhi,Delhi,Delhi NCR,Poor,2024-03-31,Q1,2024,Quarterly,Priya Singh,49,51,44,49.0,86.81,50,25,45.45,50.0,42.86,60.0,27.27,44.44,71.43,54.55,100.0,High
INSP00094,RO0012,IOCL RO Delhi Market Road,OFF03,Delhi West Office,Delhi,Delhi,Delhi NCR,Poor,2024-06-30,Q2,2024,Quarterly,Rekha Patel,45,52,47,46.39,88.89,49,30,53.85,50.0,42.86,44.44,60.0,55.56,37.5,37.5,50.0,High
INSP00095,RO0012,IOCL RO Delhi Market Road,OFF03,Delhi West Office,Delhi,Delhi,Delhi NCR,Poor,2024-09-30,Q3,2024,Quarterly,Shweta Bhatia,50,50,44,50.0,86.11,45,34,60.0,66.67,57.14,45.45,33.33,55.56,22.22,54.55,50.0,High
INSP00096,RO0012,IOCL RO Delhi Market Road,OFF03,Delhi West Office,Delhi,Delhi,Delhi NCR,Poor,2024-12-31,Q4,2024,Annual,Anjali Srivastava,56,44,44,56.0,84.03,46,29,72.73,33.33,62.5,50.0,60.0,77.78,66.67,44.44,50.0,High
INSP00097,RO0013,IOCL RO Delhi Market Road,OFF03,Delhi West Office,Delhi,Delhi,Delhi NCR,Good,2023-03-31,Q1,2023,Quarterly,Rajesh Kumar,98,12,34,89.09,27.08,10,19,84.62,85.71,87.5,90.0,91.67,90.0,88.89,100.0,75.0,Medium
INSP00098,RO0013,IOCL RO Delhi Market Road,OFF03,Delhi West Office,Delhi,Delhi,Delhi NCR,Good,2023-06-30,Q2,2023,Quarterly,Neha Agarwal,103,12,29,89.57,34.72,11,28,92.31,87.5,100.0,100.0,83.33,90.0,100.0,91.67,100.0,High
INSP00099,RO0013,IOCL RO Delhi Market Road,OFF03,Delhi West Office,Delhi,Delhi,Delhi NCR,Good,2023-09-30,Q3,2023,Quarterly,Meena Saxena,98,13,33,88.29,31.94,12,22,100.0,100.0,100.0,100.0,90.91,100.0,88.89,63.64,50.0,High
INSP00100,RO0013,IOCL RO Delhi Market Road,OFF03,Delhi West Office,Delhi,Delhi,Delhi NCR,Good,2023-12-31,Q4,2023,Annual,Rahul Dubey,90,14,40,86.54,36.81,15,23,88.89,75.0,100.0,81.82,72.73,100.0,80.0,90.91,100.0,High
INSP00101,RO0013,IOCL RO Delhi Market Road,OFF03,Delhi West Office,Delhi,Delhi,Delhi NCR,Good,2024-03-31,Q1,2024,Quarterly,Sunita Gupta,101,9,34,91.82,31.25,9,27,100.0,100.0,100.0,100.0,72.73,90.91,100.0,81.82,100.0,High
INSP00102,RO0013,IOCL RO Delhi Market Road,OFF03,Delhi West Office,Delhi,Delhi,Delhi NCR,Good,2024-06-30,Q2,2024,Quarterly,Deepak Verma,97,9,38,91.51,30.56,10,24,92.31,100.0,87.5,100.0,90.91,100.0,80.0,90.0,100.0,High
INSP00103,RO0013,IOCL RO Delhi Market Road,OFF03,Delhi West Office,Delhi,Delhi,Delhi NCR,Good,2024-09-30,Q3,2024,Quarterly,Rekha Patel,99,9,36,91.67,33.33,10,28,100.0,75.0,100.0,90.91,100.0,100.0,80.0,80.0,66.67,High
INSP00104,RO0013,IOCL RO Delhi Market Road,OFF03,Delhi West Office,Delhi,Delhi,Delhi NCR,Good,2024-12-31,Q4,2024,Annual,Sanjay Joshi,104,10,30,91.23,30.56,8,28,92.31,100.0,87.5,90.91,83.33,100.0,100.0,91.67,75.0,High
INSP00105,RO0014,IOCL RO Delhi Station Road,OFF03,Delhi West Office,Delhi,Delhi,Delhi NCR,Average,2023-03-31,Q1,2023,Quarterly,Shweta Bhatia,79,23,42,77.45,47.92,19,31,84.62,71.43,100.0,88.89,63.64,66.67,88.89,81.82,66.67,High
INSP00106,RO0014,IOCL RO Delhi Station Road,OFF03,Delhi West Office,Delhi,Delhi,Delhi NCR,Average,2023-06-30,Q2,2023,Quarterly,Dinesh Rao,76,22,46,77.55,52.08,18,39,81.82,66.67,57.14,66.67,88.89,88.89,77.78,72.73,100.0,High
INSP00107,RO0014,IOCL RO Delhi Station Road,OFF03,Delhi West Office,Delhi,Delhi,Delhi NCR,Average,2023-09-30,Q3,2023,Quarterly,Kavita Yadav,81,22,41,78.64,50.0,20,32,63.64,100.0,85.71,66.67,81.82,90.91,87.5,80.0,100.0,High
INSP00108,RO0014,IOCL RO Delhi Station Road,OFF03,Delhi West Office,Delhi,Delhi,Delhi NCR,Average,2023-12-31,Q4,2023,Annual,Anjali Srivastava,79,19,46,80.61,43.06,18,26,72.73,75.0,75.0,66.67,90.91,77.78,100.0,77.78,66.67,High
INSP00109,RO0014,IOCL RO Delhi Station Road,OFF03,Delhi West Office,Delhi,Delhi,Delhi NCR,Average,2024-03-31,Q1,2024,Quarterly,Rahul Dubey,90,22,32,80.36,57.64,21,41,85.71,62.5,83.33,80.0,70.0,90.91,77.78,90.91,75.0,High
INSP00110,RO0014,IOCL RO Delhi Station Road,OFF03,Delhi West Office,Delhi,Delhi,Delhi NCR,Average,2024-06-30,Q2,2024,Quarterly,Meena Saxena,82,22,40,78.85,56.25,21,39,92.31,85.71,87.5,62.5,91.67,81.82,62.5,54.55,66.67,High
INSP00111,RO0014,IOCL RO Delhi Station Road,OFF03,Delhi West Office,Delhi,Delhi,Delhi NCR,Average,2024-09-30,Q3,2024,Quarterly,Pooja Chauhan,80,24,40,76.92,61.11,23,42,81.82,85.71,66.67,70.0,83.33,54.55,100.0,90.0,100.0,High
INSP00112,RO0014,IOCL RO Delhi Station Road,OFF03,Delhi West Office,Delhi,Delhi,Delhi NCR,Average,2024-12-31,Q4,2024,Annual,Alok Tripathi,85,26,33,76.58,61.11,25,38,58.33,62.5,85.71,80.0,91.67,66.67,60.0,80.0,100.0,High
INSP00113,RO0015,IOCL RO Delhi Industrial Area,OFF03,Delhi West Office,Delhi,Delhi,Delhi NCR,Poor,2023-03-31,Q1,2023,Quarterly,Anjali Srivastava,49,46,49,51.58,81.25,44,29,41.67,66.67,33.33,50.0,55.56,57.14,60.0,40.0,50.0,High
INSP00114,RO0015,IOCL RO Delhi Industrial Area,OFF03,Delhi West Office,Delhi,Delhi,Delhi NCR,Poor,2023-06-30,Q2,2023,Quarterly,Manish Tiwari,48,52,44,48.0,91.67,51,30,27.27,33.33,50.0,45.45,50.0,37.5,62.5,44.44,25.0,High
INSP00115,RO0015,IOCL RO Delhi Industrial Area,OFF03,Delhi West Office,Delhi,Delhi,Delhi NCR,Poor,2023-09-30,Q3,2023,Quarterly,Deepak Verma,53,56,35,48.62,95.14,54,29,25.0,37.5,57.14,50.0,50.0,60.0,70.0,62.5,50.0,High
INSP00116,RO0015,IOCL RO Delhi Industrial Area,OFF03,Delhi West Office,Delhi,Delhi,Delhi NCR,Poor,2023-12-31,Q4,2023,Annual,Shweta Bhatia,53,51,40,50.96,93.06,50,34,61.54,66.67,57.14,33.33,60.0,27.27,50.0,25.0,66.67,High
INSP00117,RO0015,IOCL RO Delhi Industrial Area,OFF03,Delhi West Office,Delhi,Delhi,Delhi NCR,Poor,2024-03-31,Q1,2024,Quarterly,Rekha Patel,55,44,45,55.56,84.72,44,34,63.64,100.0,25.0,54.55,36.36,72.73,62.5,50.0,50.0,High
INSP00118,RO0015,IOCL RO Delhi Industrial Area,OFF03,Delhi West Office,Delhi,Delhi,Delhi NCR,Poor,2024-06-30,Q2,2024,Quarterly,Kavita Yadav,57,45,42,55.88,86.11,45,34,50.0,33.33,57.14,60.0,45.45,55.56,66.67,63.64,100.0,High
INSP00119,RO0015,IOCL RO Delhi Industrial Area,OFF03,Delhi West Office,Delhi,Delhi,Delhi NCR,Poor,2024-09-30,Q3,2024,Quarterly,Meena Saxena,59,43,42,57.84,88.89,44,40,75.0,37.5,33.33,66.67,60.0,70.0,62.5,50.0,66.67,High
INSP00120,RO0015,IOCL RO Delhi Industrial Area,OFF03,Delhi West Office,Delhi,Delhi,Delhi NCR,Poor,2024-12-31,Q4,2024,Annual,Rohit Mishra,49,51,44,49.0,90.97,48,35,66.67,42.86,37.5,80.0,36.36,50.0,33.33,45.45,50.0,High
INSP00121,RO0016,IOCL RO Delhi Sector 4,OFF03,Delhi West Office,Delhi,Delhi,Delhi NCR,Good,2023-03-31,Q1,2023,Quarterly,Sanjay Joshi,110,9,25,92.44,31.94,9,28,100.0,100.0,100.0,100.0,75.0,100.0,90.0,100.0,100.0,High
INSP00122,RO0016,IOCL RO Delhi Sector 4,OFF03,Delhi West Office,Delhi,Delhi,Delhi NCR,Good,2023-06-30,Q2,2023,Quarterly,Rekha Patel,111,5,28,95.69,29.86,7,29,92.31,100.0,100.0,100.0,91.67,90.91,90.0,100.0,100.0,Medium
INSP00123,RO0016,IOCL RO Delhi Sector 4,OFF03,Delhi West Office,Delhi,Delhi,Delhi NCR,Good,2023-09-30,Q3,2023,Quarterly,Rajesh Kumar,93,14,37,86.92,31.94,12,22,100.0,87.5,66.67,81.82,100.0,81.82,87.5,83.33,100.0,High
INSP00124,RO0016,IOCL RO Delhi Sector 4,OFF03,Delhi West Office,Delhi,Delhi,Delhi NCR,Good,2023-12-31,Q4,2023,Annual,Kavita Yadav,100,13,31,88.5,30.56,11,22,66.67,100.0,87.5,100.0,91.67,100.0,80.0,90.91,100.0,High
INSP00125,RO0016,IOCL RO Delhi Sector 4,OFF03,Delhi West Office,Delhi,Delhi,Delhi NCR,Good,2024-03-31,Q1,2024,Quarterly,Suresh Nair,111,5,28,95.69,17.36,5,15,100.0,100.0,100.0,90.91,100.0,100.0,100.0,100.0,100.0,Medium
INSP00126,RO0016,IOCL RO Delhi Sector 4,OFF03,Delhi West Office,Delhi,Delhi,Delhi NCR,Good,2024-06-30,Q2,2024,Quarterly,Sunita Gupta,106,8,30,92.98,25.0,5,26,100.0,100.0,85.71,100.0,100.0,90.0,100.0,100.0,75.0,Medium
INSP00127,RO0016,IOCL RO Delhi Sector 4,OFF03,Delhi West Office,Delhi,Delhi,Delhi NCR,Good,2024-09-30,Q3,2024,Quarterly,Meena Saxena,106,7,31,93.81,21.53,7,17,100.0,100.0,100.0,80.0,100.0,100.0,88.89,100.0,100.0,Medium
INSP00128,RO0016,IOCL RO Delhi Sector 4,OFF03,Delhi West Office,Delhi,Delhi,Delhi NCR,Good,2024-12-31,Q4,2024,Annual,Sanjay Joshi,95,13,36,87.96,27.78,12,16,92.31,85.71,75.0,90.91,83.33,90.0,88.89,100.0,100.0,Medium
INSP00129,RO0017,IOCL RO Noida Cantonment,OFF04,Noida Office,Noida,Uttar Pradesh,Delhi NCR,Average,2023-03-31,Q1,2023,Quarterly,Kavita Yadav,77,33,34,70.0,69.44,32,36,76.92,75.0,85.71,60.0,81.82,80.0,66.67,54.55,100.0,High
INSP00130,RO0017,IOCL RO Noida Cantonment,OFF04,Noida Office,Noida,Uttar Pradesh,Delhi NCR,Average,2023-06-30,Q2,2023,Quarterly,Rekha Patel,70,30,44,70.0,60.42,29,29,81.82,37.5,66.67,70.0,66.67,70.0,88.89,55.56,33.33,High
INSP00131,RO0017,IOCL RO Noida Cantonment,OFF04,Noida Office,Noida,Uttar Pradesh,Delhi NCR,Average,2023-09-30,Q3,2023,Quarterly,Rohit Mishra,82,20,42,80.39,47.92,21,27,84.62,71.43,62.5,87.5,72.73,75.0,90.0,81.82,100.0,High
INSP00132,RO0017,IOCL RO Noida Cantonment,OFF04,Noida Office,Noida,Uttar Pradesh,Delhi NCR,Average,2023-12-31,Q4,2023,Annual,Alok Tripathi,90,14,40,86.54,50.69,14,45,72.73,100.0,85.71,81.82,75.0,100.0,88.89,80.0,100.0,High
INSP00133,RO0017,IOCL RO Noida Cantonment,OFF04,Noida Office,Noida,Uttar Pradesh,Delhi NCR,Average,2024-03-31,Q1,2024,Quarterly,Shweta Bhatia,88,21,35,80.73,55.56,22,36,90.91,87.5,62.5,81.82,90.0,90.0,66.67,58.33,66.67,High
INSP00134,RO0017,IOCL RO Noida Cantonment,OFF04,Noida Office,Noida,Uttar Pradesh,Delhi NCR,Average,2024-06-30,Q2,2024,Quarterly,Priya Singh,78,25,41,75.73,58.33,23,38,70.0,100.0,100.0,80.0,54.55,90.0,77.78,66.67,33.33,High
INSP00135,RO0017,IOCL RO Noida Cantonment,OFF04,Noida Office,Noida,Uttar Pradesh,Delhi NCR,Average,2024-09-30,Q3,2024,Quarterly,Pooja Chauhan,85,23,36,78.7,60.42,26,35,75.0,100.0,100.0,72.73,90.91,63.64,80.0,54.55,100.0,High
INSP00136,RO0017,IOCL RO Noida Cantonment,OFF04,Noida Office,Noida,Uttar Pradesh,Delhi NCR,Average,2024-12-31,Q4,2024,Annual,Vikram Pandey,83,20,41,80.58,51.39,19,36,76.92,80.0,83.33,81.82,81.82,80.0,62.5,72.73,100.0,High
INSP00137,RO0018,IOCL RO Noida Main Road,OFF04,Noida Office,Noida,Uttar Pradesh,Delhi NCR,Poor,2023-03-31,Q1,2023,Quarterly,Alok Tripathi,45,62,37,42.06,100.69,60,25,25.0,57.14,42.86,37.5,45.45,50.0,22.22,30.0,25.0,High
INSP00138,RO0018,IOCL RO Noida Main Road,OFF04,Noida Office,Noida,Uttar Pradesh,Delhi NCR,Poor,2023-06-30,Q2,2023,Quarterly,Rahul Dubey,52,48,44,52.0,83.33,46,28,72.73,33.33,42.86,54.55,66.67,66.67,37.5,20.0,33.33,High
INSP00139,RO0018,IOCL RO Noida Main Road,OFF04,Noida Office,Noida,Uttar Pradesh,Delhi NCR,Poor,2023-09-30,Q3,2023,Quarterly,Manish Tiwari,52,50,42,50.98,86.81,46,33,35.71,71.43,100.0,37.5,72.73,54.55,57.14,60.0,25.0,High
INSP00140,RO0018,IOCL RO Noida Main Road,OFF04,Noida Office,Noida,Uttar Pradesh,Delhi NCR,Poor,2023-12-31,Q4,2023,Annual,Suresh Nair,49,50,45,49.49,91.67,48,36,20.0,50.0,28.57,70.0,54.55,100.0,33.33,63.64,0.0,High
INSP00141,RO0018,IOCL RO Noida Main Road,OFF04,Noida Office,Noida,Uttar Pradesh,Delhi NCR,Poor,2024-03-31,Q1,2024,Quarterly,Manish Tiwari,61,48,35,55.96,90.97,48,35,41.67,42.86,75.0,81.82,83.33,44.44,40.0,45.45,33.33,High
INSP00142,RO0018,IOCL RO Noida Main Road,OFF04,Noida Office,Noida,Uttar Pradesh,Delhi NCR,Poor,2024-06-30,Q2,2024,Quarterly,Rekha Patel,49,53,42,48.04,88.89,51,26,46.15,71.43,66.67,70.0,44.44,44.44,33.33,36.36,66.67,High
INSP00143,RO0018,IOCL RO Noida Main Road,OFF04,Noida Office,Noida,Uttar Pradesh,Delhi NCR,Poor,2024-09-30,Q3,2024,Quarterly,Amit Sharma,62,35,47,63.92,75.0,38,32,50.0,85.71,62.5,87.5,62.5,66.67,12.5,55.56,100.0,High
INSP00144,RO0018,IOCL RO Noida Main Road,OFF04,Noida Office,Noida,Uttar Pradesh,Delhi NCR,Poor,2024-12-31,Q4,2024,Annual,Pooja Chauhan,52,43,49,54.74,83.33,43,34,61.54,66.67,60.0,40.0,62.5,50.0,37.5,50.0,66.67,High
INSP00145,RO0019,IOCL RO Noida Sector 12,OFF04,Noida Office,Noida,Uttar Pradesh,Delhi NCR,Average,2023-03-31,Q1,2023,Quarterly,Meena Saxena,72,30,42,70.59,61.11,27,34,63.64,42.86,62.5,70.0,90.0,88.89,77.78,70.0,50.0,High
INSP00146,RO0019,IOCL RO Noida Sector 12,OFF04,Noida Office,Noida,Uttar Pradesh,Delhi NCR,Average,2023-06-30,Q2,2023,Quarterly,Vikram Pandey,79,29,36,73.15,63.89,28,36,76.92,85.71,75.0,80.0,90.91,60.0,88.89,72.73,75.0,High
INSP00147,RO0019,IOCL RO Noida Sector 12,OFF04,Noida Office,Noida,Uttar Pradesh,Delhi NCR,Average,2023-09-30,Q3,2023,Quarterly,Deepak Verma,77,26,41,74.76,50.0,23,26,63.64,100.0,62.5,63.64,81.82,54.55,71.43,80.0,100.0,High
INSP00148,RO0019,IOCL RO Noida Sector 12,OFF04,Noida Office,Noida,Uttar Pradesh,Delhi NCR,Average,2023-12-31,Q4,2023,Annual,Vikram Pandey,70,29,45,70.71,58.33,24,36,63.64,66.67,75.0,55.56,90.0,63.64,80.0,90.91,100.0,High
INSP00149,RO0019,IOCL RO Noida Sector 12,OFF04,Noida Office,Noida,Uttar Pradesh,Delhi NCR,Average,2024-03-31,Q1,2024,Quarterly,Manish Tiwari,78,30,36,72.22,66.67,31,34,76.92,87.5,62.5,90.0,63.64,30.0,88.89,80.0,100.0,High
INSP00150,RO0019,IOCL RO Noida Sector 12,OFF04,Noida Office,Noida,Uttar Pradesh,Delhi NCR,Average,2024-06-30,Q2,2024,Quarterly,Sanjay Joshi,88,15,41,85.44,49.31,16,39,100.0,50.0,85.71,77.78,90.0,100.0,100.0,100.0,100.0,High
INSP00151,RO0019,IOCL RO Noida Sector 12,OFF04,Noida Office,Noida,Uttar Pradesh,Delhi NCR,Average,2024-09-30,Q3,2024,Quarterly,Alok Tripathi,70,30,44,70.0,61.81,27,35,81.82,71.43,57.14,81.82,45.45,75.0,62.5,100.0,0.0,High
INSP00152,RO0019,IOCL RO Noida Sector 12,OFF04,Noida Office,Noida,Uttar Pradesh,Delhi NCR,Average,2024-12-31,Q4,2024,Annual,Sanjay Joshi,83,22,39,79.05,54.86,20,39,83.33,87.5,75.0,100.0,75.0,88.89,80.0,77.78,66.67,High
INSP00153,RO0020,IOCL RO Noida Sector 4,OFF04,Noida Office,Noida,Uttar Pradesh,Delhi NCR,Good,2023-03-31,Q1,2023,Quarterly,Rahul Dubey,110,6,28,94.83,22.22,5,22,100.0,100.0,75.0,100.0,100.0,90.91,100.0,100.0,75.0,Medium
INSP00154,RO0020,IOCL RO Noida Sector 4,OFF04,Noida Office,Noida,Uttar Pradesh,Delhi NCR,Good,2023-06-30,Q2,2023,Quarterly,Vikram Pandey,98,13,33,88.29,34.72,12,26,91.67,85.71,100.0,81.82,100.0,72.73,88.89,91.67,100.0,High
INSP00155,RO0020,IOCL RO Noida Sector 4,OFF04,Noida Office,Noida,Uttar Pradesh,Delhi NCR,Good,2023-09-30,Q3,2023,Quarterly,Rahul Dubey,109,6,29,94.78,22.22,6,20,100.0,85.71,100.0,100.0,91.67,100.0,100.0,90.91,75.0,Medium
INSP00156,RO0020,IOCL RO Noida Sector 4,OFF04,Noida Office,Noida,Uttar Pradesh,Delhi NCR,Good,2023-12-31,Q4,2023,Annual,Shweta Bhatia,97,10,37,90.65,28.47,8,25,84.62,87.5,100.0,100.0,90.0,90.91,80.0,81.82,100.0,Medium
INSP00157,RO0020,IOCL RO Noida Sector 4,OFF04,Noida Office,Noida,Uttar Pradesh,Delhi NCR,Good,2024-03-31,Q1,2024,Quarterly,Sanjay Joshi,100,13,31,88.5,32.64,13,21,92.31,100.0,100.0,90.0,66.67,81.82,100.0,91.67,100.0,High
INSP00158,RO0020,IOCL RO Noida Sector 4,OFF04,Noida Office,Noida,Uttar Pradesh,Delhi NCR,Good,2024-06-30,Q2,2024,Quarterly,Sanjay Joshi,108,3,33,97.3,17.36,3,19,100.0,100.0,100.0,90.91,100.0,100.0,100.0,100.0,100.0,Medium
INSP00159,RO0020,IOCL RO Noida Sector 4,OFF04,Noida Office,Noida,Uttar Pradesh,Delhi NCR,Good,2024-09-30,Q3,2024,Quarterly,Sunita Gupta,107,11,26,90.68,33.33,10,28,92.31,87.5,100.0,90.91,100.0,100.0,80.0,100.0,100.0,High
INSP00160,RO0020,IOCL RO Noida Sector 4,OFF04,Noida Office,Noida,Uttar Pradesh,Delhi NCR,Good,2024-12-31,Q4,2024,Annual,Alok Tripathi,108,9,27,92.31,29.17,9,24,83.33,100.0,87.5,100.0,100.0,81.82,90.0,90.91,100.0,Medium
INSP00161,RO0021,IOCL RO Noida Highway,OFF04,Noida Office,Noida,Uttar Pradesh,Delhi NCR,Average,2023-03-31,Q1,2023,Quarterly,Rahul Dubey,80,28,36,74.07,65.97,27,41,84.62,71.43,62.5,90.91,83.33,90.0,60.0,72.73,75.0,High
INSP00162,RO0021,IOCL RO Noida Highway,OFF04,Noida Office,Noida,Uttar Pradesh,Delhi NCR,Average,2023-06-30,Q2,2023,Quarterly,Rahul Dubey,78,20,46,79.59,49.31,20,31,83.33,87.5,85.71,77.78,88.89,62.5,83.33,77.78,75.0,High
INSP00163,RO0021,IOCL RO Noida Highway,OFF04,Noida Office,Noida,Uttar Pradesh,Delhi NCR,Average,2023-09-30,Q3,2023,Quarterly,Suresh Nair,74,25,45,74.75,60.42,25,37,66.67,83.33,50.0,62.5,80.0,54.55,100.0,72.73,100.0,High
INSP00164,RO0021,IOCL RO Noida Highway,OFF04,Noida Office,Noida,Uttar Pradesh,Delhi NCR,Average,2023-12-31,Q4,2023,Annual,Alok Tripathi,84,23,37,78.5,52.08,19,37,84.62,71.43,87.5,81.82,90.0,87.5,85.71,75.0,50.0,High
INSP00165,RO0021,IOCL RO Noida Highway,OFF04,Noida Office,Noida,Uttar Pradesh,Delhi NCR,Average,2024-03-31,Q1,2024,Quarterly,Dinesh Rao,84,22,38,79.25,53.47,23,31,81.82,100.0,66.67,80.0,72.73,88.89,75.0,63.64,100.0,High
INSP00166,RO0021,IOCL RO Noida Highway,OFF04,Noida Office,Noida,Uttar Pradesh,Delhi NCR,Average,2024-06-30,Q2,2024,Quarterly,Anjali Srivastava,83,15,46,84.69,48.61,18,34,84.62,85.71,66.67,77.78,90.0,66.67,85.71,90.91,100.0,High
INSP00167,RO0021,IOCL RO Noida Highway,OFF04,Noida Office,Noida,Uttar Pradesh,Delhi NCR,Average,2024-09-30,Q3,2024,Quarterly,Dinesh Rao,79,30,35,72.48,63.19,27,37,75.0,42.86,62.5,75.0,91.67,90.91,75.0,83.33,50.0,High
INSP00168,RO0021,IOCL RO Noida Highway,OFF04,Noida Office,Noida,Uttar Pradesh,Delhi NCR,Average,2024-12-31,Q4,2024,Annual,Dinesh Rao,77,27,40,74.04,61.11,27,34,72.73,75.0,100.0,50.0,83.33,85.71,66.67,72.73,33.33,High
INSP00169,RO0022,IOCL RO Gurgaon Sector 34,OFF05,Gurgaon Office,Gurgaon,Haryana,Delhi NCR,Average,2023-03-31,Q1,2023,Quarterly,Suresh Nair,78,25,41,75.73,65.28,27,40,60.0,75.0,71.43,30.0,70.0,90.0,66.67,100.0,100.0,High
INSP00170,RO0022,IOCL RO Gurgaon Sector 34,OFF05,Gurgaon Office,Gurgaon,Haryana,Delhi NCR,Average,2023-06-30,Q2,2023,Quarterly,Meena Saxena,84,23,37,78.5,60.42,26,35,66.67,50.0,66.67,70.0,100.0,80.0,77.78,100.0,100.0,High
INSP00171,RO0022,IOCL RO Gurgaon Sector 34,OFF05,Gurgaon Office,Gurgaon,Haryana,Delhi NCR,Average,2023-09-30,Q3,2023,Quarterly,Rajesh Kumar,85,25,34,77.27,53.47,25,27,81.82,71.43,83.33,72.73,100.0,90.0,77.78,58.33,66.67,High
INSP00172,RO0022,IOCL RO Gurgaon Sector 34,OFF05,Gurgaon Office,Gurgaon,Haryana,Delhi NCR,Average,2023-12-31,Q4,2023,Annual,Amit Sharma,81,19,44,81.0,50.0,19,34,72.73,85.71,83.33,87.5,80.0,100.0,77.78,91.67,100.0,High
INSP00173,RO0022,IOCL RO Gurgaon Sector 34,OFF05,Gurgaon Office,Gurgaon,Haryana,Delhi NCR,Average,2024-03-31,Q1,2024,Quarterly,Priya Singh,83,18,43,82.18,50.0,20,32,75.0,100.0,100.0,60.0,90.0,77.78,87.5,72.73,100.0,High
INSP00174,RO0022,IOCL RO Gurgaon Sector 34,OFF05,Gurgaon Office,Gurgaon,Haryana,Delhi NCR,Average,2024-06-30,Q2,2024,Quarterly,Rohit Mishra,80,25,39,76.19,55.56,24,32,81.82,87.5,75.0,90.0,88.89,54.55,88.89,54.55,100.0,High
INSP00175,RO0022,IOCL RO Gurgaon Sector 34,OFF05,Gurgaon Office,Gurgaon,Haryana,Delhi NCR,Average,2024-09-30,Q3,2024,Quarterly,Dinesh Rao,76,26,42,74.51,56.94,28,26,76.92,100.0,60.0,75.0,72.73,75.0,80.0,81.82,100.0,High
INSP00176,RO0022,IOCL RO Gurgaon Sector 34,OFF05,Gurgaon Office,Gurgaon,Haryana,Delhi NCR,Average,2024-12-31,Q4,2024,Annual,Rohit Mishra,85,20,39,80.95,52.78,18,40,80.0,66.67,71.43,90.0,88.89,77.78,80.0,83.33,33.33,High
INSP00177,RO0023,IOCL RO Gurgaon Market Road,OFF05,Gurgaon Office,Gurgaon,Haryana,Delhi NCR,Poor,2023-03-31,Q1,2023,Quarterly,Rekha Patel,46,55,43,45.54,93.06,51,32,54.55,57.14,66.67,50.0,36.36,36.36,30.0,40.0,50.0,High
INSP00178,RO0023,IOCL RO Gurgaon Market Road,OFF05,Gurgaon Office,Gurgaon,Haryana,Delhi NCR,Poor,2023-06-30,Q2,2023,Quarterly,Rekha Patel,49,52,43,48.51,85.42,46,31,53.85,57.14,37.5,50.0,30.0,37.5,66.67,30.0,50.0,High
INSP00179,RO0023,IOCL RO Gurgaon Market Road,OFF05,Gurgaon Office,Gurgaon,Haryana,Delhi NCR,Poor,2023-09-30,Q3,2023,Quarterly,Kavita Yadav,56,49,39,53.33,91.67,51,30,66.67,85.71,37.5,36.36,58.33,50.0,22.22,70.0,33.33,High
INSP00180,RO0023,IOCL RO Gurgaon Market Road,OFF05,Gurgaon Office,Gurgaon,Haryana,Delhi NCR,Poor,2023-12-31,Q4,2023,Annual,Rekha Patel,55,52,37,51.4,90.28,50,30,53.85,71.43,37.5,50.0,77.78,50.0,57.14,45.45,25.0,High
INSP00181,RO0023,IOCL RO Gurgaon Market Road,OFF05,Gurgaon Office,Gurgaon,Haryana,Delhi NCR,Poor,2024-03-31,Q1,2024,Quarterly,Rekha Patel,46,46,52,50.0,86.81,47,31,50.0,25.0,71.43,42.86,60.0,50.0,57.14,27.27,100.0,High
INSP00182,RO0023,IOCL RO Gurgaon Market Road,OFF05,Gurgaon Office,Gurgaon,Haryana,Delhi NCR,Poor,2024-06-30,Q2,2024,Quarterly,Vikram Pandey,48,51,45,48.48,89.58,49,31,40.0,25.0,71.43,40.0,37.5,63.64,44.44,63.64,75.0,High
INSP00183,RO0023,IOCL RO Gurgaon Market Road,OFF05,Gurgaon Office,Gurgaon,Haryana,Delhi NCR,Poor,2024-09-30,Q3,2024,Quarterly,Shweta Bhatia,58,42,44,58.0,77.78,37,38,38.46,71.43,40.0,70.0,54.55,40.0,85.71,37.5,66.67,High
INSP00184,RO0023,IOCL RO Gurgaon Market Road,OFF05,Gurgaon Office,Gurgaon,Haryana,Delhi NCR,Poor,2024-12-31,Q4,2024,Annual,Rohit Mishra,56,46,42,54.9,84.72,43,36,53.85,42.86,33.33,54.55,22.22,70.0,66.67,88.89,50.0,High
INSP00185,RO0024,IOCL RO Gurgaon Market Road,OFF05,Gurgaon Office,Gurgaon,Haryana,Delhi NCR,Poor,2023-03-31,Q1,2023,Quarterly,Suresh Nair,54,46,44,54.0,84.72,46,30,53.85,50.0,57.14,44.44,77.78,70.0,55.56,40.0,66.67,High
INSP00186,RO0024,IOCL RO Gurgaon Market Road,OFF05,Gurgaon Office,Gurgaon,Haryana,Delhi NCR,Poor,2023-06-30,Q2,2023,Quarterly,Rajesh Kumar,63,40,41,61.17,86.11,41,42,45.45,50.0,71.43,80.0,81.82,40.0,88.89,50.0,50.0,High
INSP00187,RO0024,IOCL RO Gurgaon Market Road,OFF05,Gurgaon Office,Gurgaon,Haryana,Delhi NCR,Poor,2023-09-30,Q3,2023,Quarterly,Priya Singh,52,49,43,51.49,86.11,45,34,60.0,25.0,16.67,42.86,72.73,100.0,22.22,40.0,66.67,High
INSP00188,RO0024,IOCL RO Gurgaon Market Road,OFF05,Gurgaon Office,Gurgaon,Haryana,Delhi NCR,Poor,2023-12-31,Q4,2023,Annual,Rohit Mishra,47,60,37,43.93,100.0,58,28,38.46,50.0,25.0,54.55,27.27,50.0,40.0,54.55,66.67,High
INSP00189,RO0024,IOCL RO Gurgaon Market Road,OFF05,Gurgaon Office,Gurgaon,Haryana,Delhi NCR,Poor,2024-03-31,Q1,2024,Quarterly,Meena Saxena,60,43,41,58.25,79.86,41,33,53.85,57.14,37.5,72.73,70.0,77.78,44.44,60.0,33.33,High
INSP00190,RO0024,IOCL RO Gurgaon Market Road,OFF05,Gurgaon Office,Gurgaon,Haryana,Delhi NCR,Poor,2024-06-30,Q2,2024,Quarterly,Sanjay Joshi,51,51,42,50.0,88.89,51,26,36.36,33.33,85.71,45.45,45.45,66.67,50.0,45.45,66.67,High
INSP00191,RO0024,IOCL RO Gurgaon Market Road,OFF05,Gurgaon Office,Gurgaon,Haryana,Delhi NCR,Poor,2024-09-30,Q3,2024,Quarterly,Shweta Bhatia,54,48,42,52.94,79.17,46,22,54.55,20.0,71.43,80.0,45.45,70.0,40.0,54.55,33.33,High
INSP00192,RO0024,IOCL RO Gurgaon Market Road,OFF05,Gurgaon Office,Gurgaon,Haryana,Delhi NCR,Poor,2024-12-31,Q4,2024,Annual,Suresh Nair,46,55,43,45.54,96.53,55,29,50.0,57.14,42.86,40.0,44.44,55.56,20.0,30.0,66.67,High
INSP00193,RO0025,IOCL RO Gurgaon Main Road,OFF05,Gurgaon Office,Gurgaon,Haryana,Delhi NCR,Good,2023-03-31,Q1,2023,Quarterly,Manish Tiwari,96,12,36,88.89,36.11,13,26,75.0,87.5,100.0,72.73,100.0,80.0,87.5,90.91,100.0,High
INSP00194,RO0025,IOCL RO Gurgaon Main Road,OFF05,Gurgaon Office,Gurgaon,Haryana,Delhi NCR,Good,2023-06-30,Q2,2023,Quarterly,Shweta Bhatia,102,7,35,93.58,22.92,7,19,92.31,100.0,100.0,100.0,100.0,90.91,87.5,91.67,100.0,Medium
INSP00195,RO0025,IOCL RO Gurgaon Main Road,OFF05,Gurgaon Office,Gurgaon,Haryana,Delhi NCR,Good,2023-09-30,Q3,2023,Quarterly,Priya Singh,105,9,30,92.11,29.86,10,23,92.31,100.0,100.0,81.82,91.67,90.91,90.0,90.91,100.0,Medium
INSP00196,RO0025,IOCL RO Gurgaon Main Road,OFF05,Gurgaon Office,Gurgaon,Haryana,Delhi NCR,Good,2023-12-31,Q4,2023,Annual,Meena Saxena,106,6,32,94.64,27.78,5,30,92.86,75.0,85.71,100.0,100.0,100.0,100.0,100.0,100.0,Medium
INSP00197,RO0025,IOCL RO Gurgaon Main Road,OFF05,Gurgaon Office,Gurgaon,Haryana,Delhi NCR,Good,2024-03-31,Q1,2024,Quarterly,Manish Tiwari,102,10,32,91.07,29.17,9,24,92.31,100.0,100.0,81.82,100.0,80.0,90.0,91.67,100.0,Medium
INSP00198,RO0025,IOCL RO Gurgaon Main Road,OFF05,Gurgaon Office,Gurgaon,Haryana,Delhi NCR,Good,2024-06-30,Q2,2024,Quarterly,Rahul Dubey,98,8,38,92.45,22.92,9,15,100.0,100.0,80.0,100.0,91.67,90.0,70.0,100.0,100.0,Medium
INSP00199,RO0025,IOCL RO Gurgaon Main Road,OFF05,Gurgaon Office,Gurgaon,Haryana,Delhi NCR,Good,2024-09-30,Q3,2024,Quarterly,Vikram Pandey,99,9,36,91.67,26.39,10,18,90.91,100.0,100.0,90.91,100.0,90.91,100.0,72.73,75.0,Medium
INSP00200,RO0025,IOCL RO Gurgaon Main Road,OFF05,Gurgaon Office,Gurgaon,Haryana,Delhi NCR,Good,2024-12-31,Q4,2024,Annual,Rekha Patel,103,10,31,91.15,32.64,11,25,84.62,87.5,100.0,100.0,100.0,90.91,88.89,91.67,75.0,High
INSP00201,RO0026,IOCL RO Gurgaon Industrial Area,OFF05,Gurgaon Office,Gurgaon,Haryana,Delhi NCR,Average,2023-03-31,Q1,2023,Quarterly,Rekha Patel,86,15,43,85.15,48.61,17,36,92.31,100.0,85.71,77.78,90.91,100.0,71.43,70.0,100.0,High
INSP00202,RO0026,IOCL RO Gurgaon Industrial Area,OFF05,Gurgaon Office,Gurgaon,Haryana,Delhi NCR,Average,2023-06-30,Q2,2023,Quarterly,Manish Tiwari,68,33,43,67.33,62.5,31,28,75.0,57.14,57.14,54.55,75.0,90.0,42.86,72.73,25.0,High
INSP00203,RO0026,IOCL RO Gurgaon Industrial Area,OFF05,Gurgaon Office,Gurgaon,Haryana,Delhi NCR,Average,2023-09-30,Q3,2023,Quarterly,Alok Tripathi,79,24,41,76.7,51.39,22,30,76.92,57.14,85.71,60.0,81.82,80.0,90.0,90.91,100.0,High
INSP00204,RO0026,IOCL RO Gurgaon Industrial Area,OFF05,Gurgaon Office,Gurgaon,Haryana,Delhi NCR,Average,2023-12-31,Q4,2023,Annual,Manish Tiwari,75,27,42,73.53,61.81,27,35,90.91,57.14,50.0,60.0,72.73,66.67,75.0,90.91,25.0,High
INSP00205,RO0026,IOCL RO Gurgaon Industrial Area,OFF05,Gurgaon Office,Gurgaon,Haryana,Delhi NCR,Average,2024-03-31,Q1,2024,Quarterly,Anjali Srivastava,79,17,48,82.29,45.83,16,34,85.71,66.67,71.43,72.73,100.0,77.78,88.89,55.56,100.0,High
INSP00206,RO0026,IOCL RO Gurgaon Industrial Area,OFF05,Gurgaon Office,Gurgaon,Haryana,Delhi NCR,Average,2024-06-30,Q2,2024,Quarterly,Manish Tiwari,68,36,40,65.38,69.44,32,36,45.45,57.14,87.5,75.0,54.55,70.0,55.56,81.82,100.0,High
INSP00207,RO0026,IOCL RO Gurgaon Industrial Area,OFF05,Gurgaon Office,Gurgaon,Haryana,Delhi NCR,Average,2024-09-30,Q3,2024,Quarterly,Anjali Srivastava,79,22,43,78.22,50.69,24,25,90.91,66.67,100.0,87.5,60.0,77.78,90.0,70.0,100.0,High
INSP00208,RO0026,IOCL RO Gurgaon Industrial Area,OFF05,Gurgaon Office,Gurgaon,Haryana,Delhi NCR,Average,2024-12-31,Q4,2024,Annual,Meena Saxena,83,27,34,75.45,59.03,25,35,84.62,100.0,66.67,88.89,81.82,90.0,66.67,88.89,75.0,High
INSP00209,RO0027,IOCL RO Faridabad New Colony,OFF06,Faridabad Office,Faridabad,Haryana,Delhi NCR,Average,2023-03-31,Q1,2023,Quarterly,Suresh Nair,76,20,48,79.17,52.78,20,36,83.33,85.71,66.67,90.91,90.0,87.5,55.56,75.0,33.33,High
INSP00210,RO0027,IOCL RO Faridabad New Colony,OFF06,Faridabad Office,Faridabad,Haryana,Delhi NCR,Average,2023-06-30,Q2,2023,Quarterly,Meena Saxena,75,21,48,78.12,48.61,22,26,83.33,83.33,75.0,87.5,90.0,60.0,75.0,72.73,100.0,High
INSP00211,RO0027,IOCL RO Faridabad New Colony,OFF06,Faridabad Office,Faridabad,Haryana,Delhi NCR,Average,2023-09-30,Q3,2023,Quarterly,Neha Agarwal,71,36,37,66.36,68.75,34,31,63.64,50.0,42.86,63.64,71.43,90.0,66.67,83.33,75.0,High
INSP00212,RO0027,IOCL RO Faridabad New Colony,OFF06,Faridabad Office,Faridabad,Haryana,Delhi NCR,Average,2023-12-31,Q4,2023,Annual,Pooja Chauhan,86,19,39,81.9,62.5,21,48,91.67,85.71,85.71,72.73,83.33,80.0,87.5,75.0,100.0,High
INSP00213,RO0027,IOCL RO Faridabad New Colony,OFF06,Faridabad Office,Faridabad,Haryana,Delhi NCR,Average,2024-03-31,Q1,2024,Quarterly,Sanjay Joshi,79,33,32,70.54,71.53,30,43,66.67,57.14,100.0,90.0,66.67,63.64,80.0,63.64,100.0,High
INSP00214,RO0027,IOCL RO Faridabad New Colony,OFF06,Faridabad Office,Faridabad,Haryana,Delhi NCR,Average,2024-06-30,Q2,2024,Quarterly,Manish Tiwari,72,23,49,75.79,54.86,21,37,63.64,66.67,71.43,62.5,83.33,80.0,85.71,88.89,100.0,High
INSP00215,RO0027,IOCL RO Faridabad New Colony,OFF06,Faridabad Office,Faridabad,Haryana,Delhi NCR,Average,2024-09-30,Q3,2024,Quarterly,Kavita Yadav,79,21,44,79.0,51.39,20,34,92.31,87.5,100.0,70.0,77.78,70.0,83.33,90.0,75.0,High
INSP00216,RO0027,IOCL RO Faridabad New Colony,OFF06,Faridabad Office,Faridabad,Haryana,Delhi NCR,Average,2024-12-31,Q4,2024,Annual,Anjali Srivastava,71,30,43,70.3,62.5,30,30,70.0,83.33,87.5,63.64,45.45,77.78,71.43,81.82,100.0,High
INSP00217,RO0028,IOCL RO Faridabad Sector 4,OFF06,Faridabad Office,Faridabad,Haryana,Delhi NCR,Good,2023-03-31,Q1,2023,Quarterly,Priya Singh,100,11,33,90.09,27.08,10,19,92.31,100.0,87.5,70.0,91.67,90.91,88.89,90.91,100.0,Medium
INSP00218,RO0028,IOCL RO Faridabad Sector 4,OFF06,Faridabad Office,Faridabad,Haryana,Delhi NCR,Good,2023-06-30,Q2,2023,Quarterly,Sunita Gupta,103,7,34,93.64,22.92,8,17,92.86,87.5,87.5,90.0,100.0,90.91,88.89,100.0,100.0,Medium
INSP00219,RO0028,IOCL RO Faridabad Sector 4,OFF06,Faridabad Office,Faridabad,Haryana,Delhi NCR,Good,2023-09-30,Q3,2023,Quarterly,Alok Tripathi,99,15,30,86.84,41.67,18,24,100.0,85.71,100.0,90.91,91.67,90.91,90.0,83.33,100.0,High
INSP00220,RO0028,IOCL RO Faridabad Sector 4,OFF06,Faridabad Office,Faridabad,Haryana,Delhi NCR,Good,2023-12-31,Q4,2023,Annual,Suresh Nair,104,10,30,91.23,28.47,11,19,91.67,87.5,85.71,100.0,83.33,100.0,100.0,83.33,100.0,Medium
INSP00221,RO0028,IOCL RO Faridabad Sector 4,OFF06,Faridabad Office,Faridabad,Haryana,Delhi NCR,Good,2024-03-31,Q1,2024,Quarterly,Rajesh Kumar,106,6,32,94.64,24.31,6,23,100.0,100.0,85.71,90.91,100.0,100.0,90.0,100.0,100.0,Medium
INSP00222,RO0028,IOCL RO Faridabad Sector 4,OFF06,Faridabad Office,Faridabad,Haryana,Delhi NCR,Good,2024-06-30,Q2,2024,Quarterly,Vikram Pandey,105,10,29,91.3,28.47,10,21,100.0,100.0,87.5,90.91,100.0,70.0,90.0,91.67,66.67,Medium
INSP00223,RO0028,IOCL RO Faridabad Sector 4,OFF06,Faridabad Office,Faridabad,Haryana,Delhi NCR,Good,2024-09-30,Q3,2024,Quarterly,Anjali Srivastava,104,10,30,91.23,27.78,8,24,84.62,100.0,100.0,90.0,91.67,90.0,100.0,91.67,100.0,Medium
INSP00224,RO0028,IOCL RO Faridabad Sector 4,OFF06,Faridabad Office,Faridabad,Haryana,Delhi NCR,Good,2024-12-31,Q4,2024,Annual,Manish Tiwari,100,15,29,86.96,33.33,13,22,85.71,85.71,100.0,80.0,91.67,90.91,80.0,100.0,100.0,High
INSP00225,RO0029,IOCL RO Faridabad Highway,OFF06,Faridabad Office,Faridabad,Haryana,Delhi NCR,Average,2023-03-31,Q1,2023,Quarterly,Sunita Gupta,87,18,39,82.86,53.47,20,37,92.31,71.43,75.0,81.82,90.91,72.73,100.0,90.91,100.0,High
INSP00226,RO0029,IOCL RO Faridabad Highway,OFF06,Faridabad Office,Faridabad,Haryana,Delhi NCR,Average,2023-06-30,Q2,2023,Quarterly,Dinesh Rao,83,16,45,83.84,45.83,15,36,75.0,83.33,100.0,80.0,81.82,75.0,90.0,100.0,100.0,High
INSP00227,RO0029,IOCL RO Faridabad Highway,OFF06,Faridabad Office,Faridabad,Haryana,Delhi NCR,Average,2023-09-30,Q3,2023,Quarterly,Pooja Chauhan,81,20,43,80.2,54.17,20,38,100.0,100.0,85.71,80.0,83.33,42.86,75.0,91.67,75.0,High
INSP00228,RO0029,IOCL RO Faridabad Highway,OFF06,Faridabad Office,Faridabad,Haryana,Delhi NCR,Average,2023-12-31,Q4,2023,Annual,Priya Singh,70,22,52,76.09,54.86,20,39,77.78,100.0,66.67,72.73,72.73,66.67,87.5,70.0,100.0,High
INSP00229,RO0029,IOCL RO Faridabad Highway,OFF06,Faridabad Office,Faridabad,Haryana,Delhi NCR,Average,2024-03-31,Q1,2024,Quarterly,Anjali Srivastava,84,23,37,78.5,60.42,25,37,75.0,85.71,85.71,63.64,66.67,100.0,90.0,72.73,100.0,High
INSP00230,RO0029,IOCL RO Faridabad Highway,OFF06,Faridabad Office,Faridabad,Haryana,Delhi NCR,Average,2024-06-30,Q2,2024,Quarterly,Manish Tiwari,82,17,45,82.83,47.22,16,36,75.0,71.43,57.14,60.0,80.0,100.0,100.0,81.82,100.0,High
INSP00231,RO0029,IOCL RO Faridabad Highway,OFF06,Faridabad Office,Faridabad,Haryana,Delhi NCR,Average,2024-09-30,Q3,2024,Quarterly,Neha Agarwal,77,25,42,75.49,58.33,22,40,84.62,71.43,75.0,100.0,90.91,55.56,90.0,60.0,50.0,High
INSP00232,RO0029,IOCL RO Faridabad Highway,OFF06,Faridabad Office,Faridabad,Haryana,Delhi NCR,Average,2024-12-31,Q4,2024,Annual,Dinesh Rao,72,28,44,72.0,59.03,30,25,54.55,83.33,71.43,33.33,70.0,100.0,87.5,58.33,100.0,High
INSP00233,RO0030,IOCL RO Faridabad Sector 4,OFF06,Faridabad Office,Faridabad,Haryana,Delhi NCR,Poor,2023-03-31,Q1,2023,Quarterly,Sanjay Joshi,55,47,42,53.92,87.5,49,28,45.45,25.0,42.86,33.33,75.0,66.67,55.56,50.0,100.0,High
INSP00234,RO0030,IOCL RO Faridabad Sector 4,OFF06,Faridabad Office,Faridabad,Haryana,Delhi NCR,Poor,2023-06-30,Q2,2023,Quarterly,Manish Tiwari,56,46,42,54.9,87.5,44,38,50.0,85.71,50.0,54.55,54.55,66.67,40.0,57.14,25.0,High
INSP00235,RO0030,IOCL RO Faridabad Sector 4,OFF06,Faridabad Office,Faridabad,Haryana,Delhi NCR,Poor,2023-09-30,Q3,2023,Quarterly,Anjali Srivastava,53,51,40,50.96,93.06,49,36,27.27,28.57,85.71,80.0,54.55,66.67,62.5,36.36,25.0,High
INSP00236,RO0030,IOCL RO Faridabad Sector 4,OFF06,Faridabad Office,Faridabad,Haryana,Delhi NCR,Poor,2023-12-31,Q4,2023,Annual,Amit Sharma,49,48,47,50.52,87.5,47,32,36.36,16.67,57.14,42.86,77.78,44.44,33.33,58.33,100.0,High
INSP00237,RO0030,IOCL RO Faridabad Sector 4,OFF06,Faridabad Office,Faridabad,Haryana,Delhi NCR,Poor,2024-03-31,Q1,2024,Quarterly,Rohit Mishra,50,53,41,48.54,90.28,51,28,50.0,33.33,50.0,50.0,55.56,33.33,37.5,54.55,100.0,High
INSP00238,RO0030,IOCL RO Faridabad Sector 4,OFF06,Faridabad Office,Faridabad,Haryana,Delhi NCR,Poor,2024-06-30,Q2,2024,Quarterly,Rahul Dubey,46,58,40,44.23,94.44,53,30,38.46,28.57,57.14,27.27,72.73,70.0,37.5,36.36,50.0,High
INSP00239,RO0030,IOCL RO Faridabad Sector 4,OFF06,Faridabad Office,Faridabad,Haryana,Delhi NCR,Poor,2024-09-30,Q3,2024,Quarterly,Rahul Dubey,53,54,37,49.53,97.22,55,30,58.33,12.5,62.5,66.67,25.0,36.36,50.0,50.0,75.0,High
INSP00240,RO0030,IOCL RO Faridabad Sector 4,OFF06,Faridabad Office,Faridabad,Haryana,Delhi NCR,Poor,2024-12-31,Q4,2024,Annual,Shweta Bhatia,52,50,42,50.98,93.06,50,34,50.0,28.57,71.43,55.56,27.27,36.36,100.0,63.64,50.0,High
INSP00241,RO0031,IOCL RO Ghaziabad Ring Road,OFF07,Ghaziabad Office,Ghaziabad,Uttar Pradesh,Delhi NCR,Good,2023-03-31,Q1,2023,Quarterly,Rohit Mishra,100,9,35,91.74,27.78,10,20,92.31,100.0,100.0,90.91,100.0,90.91,90.0,90.91,100.0,Medium
INSP00242,RO0031,IOCL RO Ghaziabad Ring Road,OFF07,Ghaziabad Office,Ghaziabad,Uttar Pradesh,Delhi NCR,Good,2023-06-30,Q2,2023,Quarterly,Amit Sharma,108,10,26,91.53,30.56,10,24,100.0,87.5,75.0,100.0,91.67,100.0,90.0,100.0,100.0,High
INSP00243,RO0031,IOCL RO Ghaziabad Ring Road,OFF07,Ghaziabad Office,Ghaziabad,Uttar Pradesh,Delhi NCR,Good,2023-09-30,Q3,2023,Quarterly,Pooja Chauhan,106,3,35,97.25,26.39,5,28,100.0,87.5,85.71,100.0,91.67,100.0,100.0,100.0,100.0,Medium
INSP00244,RO0031,IOCL RO Ghaziabad Ring Road,OFF07,Ghaziabad Office,Ghaziabad,Uttar Pradesh,Delhi NCR,Good,2023-12-31,Q4,2023,Annual,Kavita Yadav,101,9,34,91.82,31.94,11,24,76.92,75.0,87.5,90.0,100.0,90.91,100.0,100.0,100.0,High
INSP00245,RO0031,IOCL RO Ghaziabad Ring Road,OFF07,Ghaziabad Office,Ghaziabad,Uttar Pradesh,Delhi NCR,Good,2024-03-31,Q1,2024,Quarterly,Alok Tripathi,106,8,30,92.98,30.56,7,30,85.71,100.0,100.0,100.0,100.0,88.89,100.0,100.0,100.0,High
INSP00246,RO0031,IOCL RO Ghaziabad Ring Road,OFF07,Ghaziabad Office,Ghaziabad,Uttar Pradesh,Delhi NCR,Good,2024-06-30,Q2,2024,Quarterly,Rohit Mishra,101,9,34,91.82,29.17,8,26,100.0,100.0,71.43,90.0,91.67,90.0,100.0,90.91,66.67,Medium
INSP00247,RO0031,IOCL RO Ghaziabad Ring Road,OFF07,Ghaziabad Office,Ghaziabad,Uttar Pradesh,Delhi NCR,Good,2024-09-30,Q3,2024,Quarterly,Sanjay Joshi,104,9,31,92.04,27.78,9,22,91.67,100.0,100.0,90.0,83.33,100.0,90.0,90.91,100.0,Medium
INSP00248,RO0031,IOCL RO Ghaziabad Ring Road,OFF07,Ghaziabad Office,Ghaziabad,Uttar Pradesh,Delhi NCR,Good,2024-12-31,Q4,2024,Annual,Sunita Gupta,95,10,39,90.48,27.08,10,19,90.91,100.0,75.0,90.91,100.0,90.0,88.89,100.0,100.0,Medium
INSP00249,RO0032,IOCL RO Ghaziabad Bypass,OFF07,Ghaziabad Office,Ghaziabad,Uttar Pradesh,Delhi NCR,Poor,2023-03-31,Q1,2023,Quarterly,Dinesh Rao,46,56,42,45.1,94.44,52,32,50.0,42.86,37.5,50.0,63.64,27.27,60.0,27.27,33.33,High
INSP00250,RO0032,IOCL RO Ghaziabad Bypass,OFF07,Ghaziabad Office,Ghaziabad,Uttar Pradesh,Delhi NCR,Poor,2023-06-30,Q2,2023,Quarterly,Sunita Gupta,50,50,44,50.0,87.5,47,32,36.36,83.33,50.0,44.44,33.33,80.0,57.14,54.55,0.0,High
INSP00251,RO0032,IOCL RO Ghaziabad Bypass,OFF07,Ghaziabad Office,Ghaziabad,Uttar Pradesh,Delhi NCR,Poor,2023-09-30,Q3,2023,Quarterly,Meena Saxena,58,46,40,55.77,84.03,41,39,70.0,57.14,33.33,50.0,45.45,70.0,57.14,66.67,100.0,High
INSP00252,RO0032,IOCL RO Ghaziabad Bypass,OFF07,Ghaziabad Office,Ghaziabad,Uttar Pradesh,Delhi NCR,Poor,2023-12-31,Q4,2023,Annual,Rahul Dubey,60,49,35,55.05,92.36,51,31,46.15,85.71,62.5,50.0,16.67,77.78,75.0,63.64,0.0,High
INSP00253,RO0032,IOCL RO Ghaziabad Bypass,OFF07,Ghaziabad Office,Ghaziabad,Uttar Pradesh,Delhi NCR,Poor,2024-03-31,Q1,2024,Quarterly,Suresh Nair,44,56,44,44.0,95.83,55,28,18.18,37.5,33.33,44.44,50.0,36.36,40.0,36.36,100.0,High
INSP00254,RO0032,IOCL RO Ghaziabad Bypass,OFF07,Ghaziabad Office,Ghaziabad,Uttar Pradesh,Delhi NCR,Poor,2024-06-30,Q2,2024,Quarterly,Dinesh Rao,54,43,47,55.67,80.56,40,36,41.67,83.33,71.43,40.0,55.56,75.0,44.44,50.0,25.0,High
INSP00255,RO0032,IOCL RO Ghaziabad Bypass,OFF07,Ghaziabad Office,Ghaziabad,Uttar Pradesh,Delhi NCR,Poor,2024-09-30,Q3,2024,Quarterly,Neha Agarwal,52,46,46,53.06,86.81,50,25,58.33,57.14,66.67,42.86,27.27,40.0,50.0,62.5,50.0,High
INSP00256,RO0032,IOCL RO Ghaziabad Bypass,OFF07,Ghaziabad Office,Ghaziabad,Uttar Pradesh,Delhi NCR,Poor,2024-12-31,Q4,2024,Annual,Anjali Srivastava,52,49,43,51.49,88.89,49,30,54.55,57.14,37.5,70.0,50.0,55.56,62.5,44.44,75.0,High
INSP00257,RO0033,IOCL RO Ghaziabad Sector 22,OFF07,Ghaziabad Office,Ghaziabad,Uttar Pradesh,Delhi NCR,Poor,2023-03-31,Q1,2023,Quarterly,Sanjay Joshi,48,52,44,48.0,86.81,48,29,41.67,16.67,42.86,40.0,66.67,57.14,12.5,58.33,50.0,High
INSP00258,RO0033,IOCL RO Ghaziabad Sector 22,OFF07,Ghaziabad Office,Ghaziabad,Uttar Pradesh,Delhi NCR,Poor,2023-06-30,Q2,2023,Quarterly,Kavita Yadav,53,49,42,51.96,90.28,46,38,50.0,50.0,75.0,81.82,33.33,44.44,62.5,36.36,0.0,High
INSP00259,RO0033,IOCL RO Ghaziabad Sector 22,OFF07,Ghaziabad Office,Ghaziabad,Uttar Pradesh,Delhi NCR,Poor,2023-09-30,Q3,2023,Quarterly,Sunita Gupta,53,55,36,49.07,94.44,52,32,54.55,33.33,62.5,55.56,54.55,44.44,70.0,50.0,66.67,High
INSP00260,RO0033,IOCL RO Ghaziabad Sector 22,OFF07,Ghaziabad Office,Ghaziabad,Uttar Pradesh,Delhi NCR,Poor,2023-12-31,Q4,2023,Annual,Neha Agarwal,44,60,40,42.31,102.08,57,33,58.33,28.57,42.86,37.5,50.0,54.55,44.44,25.0,25.0,High
INSP00261,RO0033,IOCL RO Ghaziabad Sector 22,OFF07,Ghaziabad Office,Ghaziabad,Uttar Pradesh,Delhi NCR,Poor,2024-03-31,Q1,2024,Quarterly,Rohit Mishra,47,58,39,44.76,100.0,58,28,55.56,42.86,62.5,37.5,9.09,27.27,22.22,63.64,75.0,High
INSP00262,RO0033,IOCL RO Ghaziabad Sector 22,OFF07,Ghaziabad Office,Ghaziabad,Uttar Pradesh,Delhi NCR,Poor,2024-06-30,Q2,2024,Quarterly,Shweta Bhatia,56,43,45,56.57,86.11,44,36,53.85,57.14,20.0,70.0,90.0,66.67,16.67,41.67,66.67,High
INSP00263,RO0033,IOCL RO Ghaziabad Sector 22,OFF07,Ghaziabad Office,Ghaziabad,Uttar Pradesh,Delhi NCR,Poor,2024-09-30,Q3,2024,Quarterly,Amit Sharma,51,58,35,46.79,98.61,54,34,64.29,25.0,42.86,28.57,36.36,60.0,50.0,66.67,50.0,High
INSP00264,RO0033,IOCL RO Ghaziabad Sector 22,OFF07,Ghaziabad Office,Ghaziabad,Uttar Pradesh,Delhi NCR,Poor,2024-12-31,Q4,2024,Annual,Amit Sharma,51,52,41,49.51,90.28,50,30,50.0,50.0,100.0,44.44,27.27,50.0,44.44,75.0,50.0,High
INSP00265,RO0034,IOCL RO Ghaziabad Industrial Area,OFF07,Ghaziabad Office,Ghaziabad,Uttar Pradesh,Delhi NCR,Good,2023-03-31,Q1,2023,Quarterly,Neha Agarwal,105,9,30,92.11,27.08,9,21,91.67,87.5,100.0,90.91,100.0,100.0,100.0,83.33,100.0,Medium
INSP00266,RO0034,IOCL RO Ghaziabad Industrial Area,OFF07,Ghaziabad Office,Ghaziabad,Uttar Pradesh,Delhi NCR,Good,2023-06-30,Q2,2023,Quarterly,Manish Tiwari,98,13,33,88.29,33.33,11,26,84.62,85.71,100.0,90.0,91.67,88.89,90.0,90.91,100.0,High
INSP00267,RO0034,IOCL RO Ghaziabad Industrial Area,OFF07,Ghaziabad Office,Ghaziabad,Uttar Pradesh,Delhi NCR,Good,2023-09-30,Q3,2023,Quarterly,Meena Saxena,103,9,32,91.96,24.31,9,17,91.67,75.0,71.43,100.0,83.33,100.0,100.0,100.0,100.0,Medium
INSP00268,RO0034,IOCL RO Ghaziabad Industrial Area,OFF07,Ghaziabad Office,Ghaziabad,Uttar Pradesh,Delhi NCR,Good,2023-12-31,Q4,2023,Annual,Rekha Patel,100,9,35,91.74,24.31,8,19,84.62,71.43,100.0,90.91,100.0,90.0,100.0,100.0,50.0,Medium
INSP00269,RO0034,IOCL RO Ghaziabad Industrial Area,OFF07,Ghaziabad Office,Ghaziabad,Uttar Pradesh,Delhi NCR,Good,2024-03-31,Q1,2024,Quarterly,Alok Tripathi,101,11,32,90.18,30.56,10,24,100.0,100.0,100.0,100.0,90.91,90.0,100.0,83.33,75.0,High
INSP00270,RO0034,IOCL RO Ghaziabad Industrial Area,OFF07,Ghaziabad Office,Ghaziabad,Uttar Pradesh,Delhi NCR,Good,2024-06-30,Q2,2024,Quarterly,Sunita Gupta,106,8,30,92.98,28.47,8,25,90.91,87.5,87.5,100.0,75.0,100.0,90.0,100.0,100.0,Medium
INSP00271,RO0034,IOCL RO Ghaziabad Industrial Area,OFF07,Ghaziabad Office,Ghaziabad,Uttar Pradesh,Delhi NCR,Good,2024-09-30,Q3,2024,Quarterly,Dinesh Rao,104,8,32,92.86,27.78,7,26,92.86,87.5,100.0,100.0,100.0,100.0,80.0,100.0,100.0,Medium
INSP00272,RO0034,IOCL RO Ghaziabad Industrial Area,OFF07,Ghaziabad Office,Ghaziabad,Uttar Pradesh,Delhi NCR,Good,2024-12-31,Q4,2024,Annual,Suresh Nair,108,5,31,95.58,22.22,5,22,100.0,100.0,75.0,100.0,91.67,100.0,100.0,90.0,75.0,Medium
INSP00273,RO0035,IOCL RO Lucknow Sector 22,OFF08,Lucknow Office,Lucknow,Uttar Pradesh,UP Region,Poor,2023-03-31,Q1,2023,Quarterly,Priya Singh,60,45,39,57.14,88.89,45,38,46.15,57.14,42.86,75.0,63.64,45.45,50.0,63.64,50.0,High
INSP00274,RO0035,IOCL RO Lucknow Sector 22,OFF08,Lucknow Office,Lucknow,Uttar Pradesh,UP Region,Poor,2023-06-30,Q2,2023,Quarterly,Manish Tiwari,46,50,48,47.92,88.19,49,29,50.0,16.67,42.86,30.0,40.0,60.0,87.5,60.0,50.0,High
INSP00275,RO0035,IOCL RO Lucknow Sector 22,OFF08,Lucknow Office,Lucknow,Uttar Pradesh,UP Region,Poor,2023-09-30,Q3,2023,Quarterly,Kavita Yadav,51,47,46,52.04,86.11,46,32,81.82,83.33,60.0,50.0,25.0,42.86,55.56,27.27,100.0,High
INSP00276,RO0035,IOCL RO Lucknow Sector 22,OFF08,Lucknow Office,Lucknow,Uttar Pradesh,UP Region,Poor,2023-12-31,Q4,2023,Annual,Meena Saxena,60,43,41,58.25,83.33,42,36,46.15,85.71,75.0,45.45,30.0,44.44,87.5,63.64,0.0,High
INSP00277,RO0035,IOCL RO Lucknow Sector 22,OFF08,Lucknow Office,Lucknow,Uttar Pradesh,UP Region,Poor,2024-03-31,Q1,2024,Quarterly,Suresh Nair,45,51,48,46.88,84.72,47,28,33.33,57.14,40.0,63.64,66.67,25.0,11.11,30.0,50.0,High
INSP00278,RO0035,IOCL RO Lucknow Sector 22,OFF08,Lucknow Office,Lucknow,Uttar Pradesh,UP Region,Poor,2024-06-30,Q2,2024,Quarterly,Shweta Bhatia,61,44,39,58.1,89.58,45,39,41.67,28.57,57.14,66.67,81.82,33.33,62.5,81.82,33.33,High
INSP00279,RO0035,IOCL RO Lucknow Sector 22,OFF08,Lucknow Office,Lucknow,Uttar Pradesh,UP Region,Poor,2024-09-30,Q3,2024,Quarterly,Pooja Chauhan,57,42,45,57.58,81.25,42,33,38.46,85.71,42.86,27.27,90.0,70.0,55.56,50.0,66.67,High
INSP00280,RO0035,IOCL RO Lucknow Sector 22,OFF08,Lucknow Office,Lucknow,Uttar Pradesh,UP Region,Poor,2024-12-31,Q4,2024,Annual,Suresh Nair,50,49,45,50.51,87.5,49,28,12.5,66.67,42.86,72.73,40.0,40.0,37.5,50.0,33.33,High
INSP00281,RO0036,IOCL RO Lucknow Phase 2,OFF08,Lucknow Office,Lucknow,Uttar Pradesh,UP Region,Good,2023-03-31,Q1,2023,Quarterly,Anjali Srivastava,100,11,33,90.09,29.86,10,23,92.31,100.0,85.71,80.0,100.0,90.91,100.0,90.91,100.0,Medium
INSP00282,RO0036,IOCL RO Lucknow Phase 2,OFF08,Lucknow Office,Lucknow,Uttar Pradesh,UP Region,Good,2023-06-30,Q2,2023,Quarterly,Amit Sharma,104,10,30,91.23,32.64,9,29,100.0,75.0,100.0,90.91,100.0,90.0,90.0,100.0,100.0,High
INSP00283,RO0036,IOCL RO Lucknow Phase 2,OFF08,Lucknow Office,Lucknow,Uttar Pradesh,UP Region,Good,2023-09-30,Q3,2023,Quarterly,Shweta Bhatia,104,6,34,94.55,27.78,6,28,100.0,100.0,100.0,90.0,90.91,81.82,100.0,100.0,100.0,Medium
INSP00284,RO0036,IOCL RO Lucknow Phase 2,OFF08,Lucknow Office,Lucknow,Uttar Pradesh,UP Region,Good,2023-12-31,Q4,2023,Annual,Dinesh Rao,100,14,30,87.72,38.19,13,29,91.67,100.0,87.5,90.91,100.0,63.64,80.0,83.33,75.0,High
INSP00285,RO0036,IOCL RO Lucknow Phase 2,OFF08,Lucknow Office,Lucknow,Uttar Pradesh,UP Region,Good,2024-03-31,Q1,2024,Quarterly,Deepak Verma,99,9,36,91.67,27.08,9,21,84.62,100.0,75.0,100.0,90.91,100.0,88.89,100.0,100.0,Medium
INSP00286,RO0036,IOCL RO Lucknow Phase 2,OFF08,Lucknow Office,Lucknow,Uttar Pradesh,UP Region,Good,2024-06-30,Q2,2024,Quarterly,Meena Saxena,103,15,26,87.29,36.81,13,27,100.0,75.0,100.0,88.89,100.0,63.64,100.0,91.67,100.0,High
INSP00287,RO0036,IOCL RO Lucknow Phase 2,OFF08,Lucknow Office,Lucknow,Uttar Pradesh,UP Region,Good,2024-09-30,Q3,2024,Quarterly,Meena Saxena,101,7,36,93.52,30.56,6,32,100.0,100.0,100.0,90.91,100.0,100.0,100.0,100.0,100.0,High
INSP00288,RO0036,IOCL RO Lucknow Phase 2,OFF08,Lucknow Office,Lucknow,Uttar Pradesh,UP Region,Good,2024-12-31,Q4,2024,Annual,Sanjay Joshi,107,7,30,93.86,23.61,7,20,100.0,100.0,100.0,90.0,91.67,100.0,100.0,100.0,100.0,Medium
INSP00289,RO0037,IOCL RO Lucknow Phase 1,OFF08,Lucknow Office,Lucknow,Uttar Pradesh,UP Region,Good,2023-03-31,Q1,2023,Quarterly,Priya Singh,97,14,33,87.39,36.11,14,24,75.0,100.0,100.0,100.0,75.0,100.0,70.0,91.67,100.0,High
INSP00290,RO0037,IOCL RO Lucknow Phase 1,OFF08,Lucknow Office,Lucknow,Uttar Pradesh,UP Region,Good,2023-06-30,Q2,2023,Quarterly,Meena Saxena,107,5,32,95.54,27.78,6,28,92.31,100.0,100.0,90.0,100.0,100.0,100.0,88.89,100.0,Medium
INSP00291,RO0037,IOCL RO Lucknow Phase 1,OFF08,Lucknow Office,Lucknow,Uttar Pradesh,UP Region,Good,2023-09-30,Q3,2023,Quarterly,Meena Saxena,106,7,31,93.81,26.39,6,26,84.62,100.0,100.0,90.91,75.0,100.0,90.0,100.0,100.0,Medium
INSP00292,RO0037,IOCL RO Lucknow Phase 1,OFF08,Lucknow Office,Lucknow,Uttar Pradesh,UP Region,Good,2023-12-31,Q4,2023,Annual,Shweta Bhatia,106,6,32,94.64,25.69,8,21,84.62,100.0,85.71,100.0,100.0,90.0,100.0,100.0,100.0,Medium
INSP00293,RO0037,IOCL RO Lucknow Phase 1,OFF08,Lucknow Office,Lucknow,Uttar Pradesh,UP Region,Good,2024-03-31,Q1,2024,Quarterly,Rajesh Kumar,103,6,35,94.5,24.31,6,23,100.0,87.5,87.5,90.91,90.91,100.0,88.89,100.0,66.67,Medium
INSP00294,RO0037,IOCL RO Lucknow Phase 1,OFF08,Lucknow Office,Lucknow,Uttar Pradesh,UP Region,Good,2024-06-30,Q2,2024,Quarterly,Anjali Srivastava,105,6,33,94.59,25.0,5,26,92.31,87.5,85.71,88.89,90.91,100.0,90.0,100.0,100.0,Medium
INSP00295,RO0037,IOCL RO Lucknow Phase 1,OFF08,Lucknow Office,Lucknow,Uttar Pradesh,UP Region,Good,2024-09-30,Q3,2024,Quarterly,Meena Saxena,99,11,34,90.0,29.17,9,24,92.31,100.0,100.0,100.0,80.0,100.0,60.0,100.0,100.0,Medium
INSP00296,RO0037,IOCL RO Lucknow Phase 1,OFF08,Lucknow Office,Lucknow,Uttar Pradesh,UP Region,Good,2024-12-31,Q4,2024,Annual,Anjali Srivastava,106,7,31,93.81,27.78,8,24,100.0,100.0,87.5,90.0,100.0,100.0,80.0,100.0,100.0,Medium
INSP00297,RO0038,IOCL RO Lucknow Sector 12,OFF08,Lucknow Office,Lucknow,Uttar Pradesh,UP Region,Average,2023-03-31,Q1,2023,Quarterly,Vikram Pandey,75,29,40,72.12,59.72,27,32,58.33,75.0,50.0,80.0,88.89,88.89,70.0,77.78,75.0,High
INSP00298,RO0038,IOCL RO Lucknow Sector 12,OFF08,Lucknow Office,Lucknow,Uttar Pradesh,UP Region,Average,2023-06-30,Q2,2023,Quarterly,Neha Agarwal,78,26,40,75.0,61.11,24,40,69.23,100.0,75.0,66.67,72.73,75.0,62.5,90.91,100.0,High
INSP00299,RO0038,IOCL RO Lucknow Sector 12,OFF08,Lucknow Office,Lucknow,Uttar Pradesh,UP Region,Average,2023-09-30,Q3,2023,Quarterly,Rajesh Kumar,70,34,40,67.31,65.97,31,33,80.0,100.0,62.5,70.0,63.64,87.5,71.43,60.0,100.0,High
INSP00300,RO0038,IOCL RO Lucknow Sector 12,OFF08,Lucknow Office,Lucknow,Uttar Pradesh,UP Region,Average,2023-12-31,Q4,2023,Annual,Vikram Pandey,73,30,41,70.87,61.81,28,33,77.78,71.43,57.14,54.55,50.0,80.0,87.5,83.33,100.0,High
INSP00301,RO0038,IOCL RO Lucknow Sector 12,OFF08,Lucknow Office,Lucknow,Uttar Pradesh,UP Region,Average,2024-03-31,Q1,2024,Quarterly,Meena Saxena,77,27,40,74.04,59.03,25,35,75.0,71.43,75.0,70.0,81.82,70.0,75.0,72.73,50.0,High
INSP00302,RO0038,IOCL RO Lucknow Sector 12,OFF08,Lucknow Office,Lucknow,Uttar Pradesh,UP Region,Average,2024-06-30,Q2,2024,Quarterly,Meena Saxena,78,26,40,75.0,59.72,26,34,92.31,83.33,40.0,100.0,63.64,45.45,90.0,72.73,66.67,High
INSP00303,RO0038,IOCL RO Lucknow Sector 12,OFF08,Lucknow Office,Lucknow,Uttar Pradesh,UP Region,Average,2024-09-30,Q3,2024,Quarterly,Anjali Srivastava,80,30,34,72.73,62.5,26,38,76.92,71.43,85.71,70.0,81.82,72.73,80.0,75.0,75.0,High
INSP00304,RO0038,IOCL RO Lucknow Sector 12,OFF08,Lucknow Office,Lucknow,Uttar Pradesh,UP Region,Average,2024-12-31,Q4,2024,Annual,Dinesh Rao,79,29,36,73.15,57.64,30,23,81.82,50.0,75.0,81.82,60.0,100.0,44.44,70.0,50.0,High
INSP00305,RO0039,IOCL RO Lucknow Sector 4,OFF08,Lucknow Office,Lucknow,Uttar Pradesh,UP Region,Poor,2023-03-31,Q1,2023,Quarterly,Vikram Pandey,53,50,41,51.46,92.36,50,33,54.55,71.43,28.57,70.0,63.64,36.36,55.56,45.45,50.0,High
INSP00306,RO0039,IOCL RO Lucknow Sector 4,OFF08,Lucknow Office,Lucknow,Uttar Pradesh,UP Region,Poor,2023-06-30,Q2,2023,Quarterly,Rahul Dubey,57,46,41,55.34,84.72,46,30,66.67,62.5,50.0,30.0,80.0,40.0,50.0,22.22,25.0,High
INSP00307,RO0039,IOCL RO Lucknow Sector 4,OFF08,Lucknow Office,Lucknow,Uttar Pradesh,UP Region,Poor,2023-09-30,Q3,2023,Quarterly,Priya Singh,44,54,46,44.9,90.97,49,33,33.33,16.67,28.57,62.5,44.44,72.73,50.0,36.36,0.0,High
INSP00308,RO0039,IOCL RO Lucknow Sector 4,OFF08,Lucknow Office,Lucknow,Uttar Pradesh,UP Region,Poor,2023-12-31,Q4,2023,Annual,Amit Sharma,49,52,43,48.51,88.89,51,26,46.15,50.0,57.14,37.5,72.73,33.33,50.0,60.0,75.0,High
INSP00309,RO0039,IOCL RO Lucknow Sector 4,OFF08,Lucknow Office,Lucknow,Uttar Pradesh,UP Region,Poor,2024-03-31,Q1,2024,Quarterly,Vikram Pandey,43,54,47,44.33,91.67,51,30,33.33,50.0,50.0,40.0,40.0,40.0,50.0,50.0,33.33,High
INSP00310,RO0039,IOCL RO Lucknow Sector 4,OFF08,Lucknow Office,Lucknow,Uttar Pradesh,UP Region,Poor,2024-06-30,Q2,2024,Quarterly,Rekha Patel,49,50,45,49.49,92.36,53,27,53.85,28.57,62.5,25.0,75.0,62.5,40.0,54.55,33.33,High
INSP00311,RO0039,IOCL RO Lucknow Sector 4,OFF08,Lucknow Office,Lucknow,Uttar Pradesh,UP Region,Poor,2024-09-30,Q3,2024,Quarterly,Amit Sharma,51,53,40,49.04,93.75,52,31,58.33,87.5,66.67,40.0,44.44,40.0,44.44,63.64,50.0,High
INSP00312,RO0039,IOCL RO Lucknow Sector 4,OFF08,Lucknow Office,Lucknow,Uttar Pradesh,UP Region,Poor,2024-12-31,Q4,2024,Annual,Alok Tripathi,53,50,41,51.46,88.19,47,33,60.0,62.5,71.43,27.27,62.5,9.09,62.5,80.0,25.0,High
INSP00313,RO0040,IOCL RO Kanpur Station Road,OFF09,Kanpur Office,Kanpur,Uttar Pradesh,UP Region,Average,2023-03-31,Q1,2023,Quarterly,Manish Tiwari,81,28,35,74.31,61.81,26,37,72.73,87.5,87.5,63.64,70.0,77.78,90.0,54.55,75.0,High
INSP00314,RO0040,IOCL RO Kanpur Station Road,OFF09,Kanpur Office,Kanpur,Uttar Pradesh,UP Region,Average,2023-06-30,Q2,2023,Quarterly,Meena Saxena,71,33,40,68.27,75.69,32,45,83.33,100.0,50.0,100.0,66.67,20.0,66.67,70.0,75.0,High
INSP00315,RO0040,IOCL RO Kanpur Station Road,OFF09,Kanpur Office,Kanpur,Uttar Pradesh,UP Region,Average,2023-09-30,Q3,2023,Quarterly,Meena Saxena,72,31,41,69.9,68.75,32,35,80.0,57.14,66.67,60.0,66.67,100.0,66.67,66.67,75.0,High
INSP00316,RO0040,IOCL RO Kanpur Station Road,OFF09,Kanpur Office,Kanpur,Uttar Pradesh,UP Region,Average,2023-12-31,Q4,2023,Annual,Vikram Pandey,79,20,45,79.8,53.47,21,35,70.0,60.0,87.5,87.5,90.91,66.67,88.89,83.33,100.0,High
INSP00317,RO0040,IOCL RO Kanpur Station Road,OFF09,Kanpur Office,Kanpur,Uttar Pradesh,UP Region,Average,2024-03-31,Q1,2024,Quarterly,Manish Tiwari,86,30,28,74.14,67.36,31,35,76.92,71.43,87.5,70.0,70.0,63.64,100.0,81.82,50.0,High
INSP00318,RO0040,IOCL RO Kanpur Station Road,OFF09,Kanpur Office,Kanpur,Uttar Pradesh,UP Region,Average,2024-06-30,Q2,2024,Quarterly,Rajesh Kumar,78,25,41,75.73,52.78,22,32,83.33,85.71,60.0,90.91,77.78,45.45,77.78,100.0,50.0,High
INSP00319,RO0040,IOCL RO Kanpur Station Road,OFF09,Kanpur Office,Kanpur,Uttar Pradesh,UP Region,Average,2024-09-30,Q3,2024,Quarterly,Kavita Yadav,74,27,43,73.27,65.97,28,39,75.0,87.5,100.0,62.5,63.64,50.0,70.0,70.0,50.0,High
INSP00320,RO0040,IOCL RO Kanpur Station Road,OFF09,Kanpur Office,Kanpur,Uttar Pradesh,UP Region,Average,2024-12-31,Q4,2024,Annual,Vikram Pandey,77,29,38,72.64,57.64,26,31,81.82,62.5,71.43,72.73,60.0,77.78,88.89,77.78,50.0,High
INSP00321,RO0041,IOCL RO Kanpur Bypass,OFF09,Kanpur Office,Kanpur,Uttar Pradesh,UP Region,Average,2023-03-31,Q1,2023,Quarterly,Shweta Bhatia,76,30,38,71.7,61.11,24,40,75.0,42.86,62.5,88.89,91.67,90.0,85.71,83.33,100.0,High
INSP00322,RO0041,IOCL RO Kanpur Bypass,OFF09,Kanpur Office,Kanpur,Uttar Pradesh,UP Region,Average,2023-06-30,Q2,2023,Quarterly,Meena Saxena,82,22,40,78.85,50.0,20,32,71.43,100.0,83.33,80.0,72.73,72.73,100.0,72.73,100.0,High
INSP00323,RO0041,IOCL RO Kanpur Bypass,OFF09,Kanpur Office,Kanpur,Uttar Pradesh,UP Region,Average,2023-09-30,Q3,2023,Quarterly,Rajesh Kumar,80,24,40,76.92,54.86,23,33,92.31,75.0,62.5,88.89,60.0,81.82,55.56,80.0,100.0,High
INSP00324,RO0041,IOCL RO Kanpur Bypass,OFF09,Kanpur Office,Kanpur,Uttar Pradesh,UP Region,Average,2023-12-31,Q4,2023,Annual,Priya Singh,82,19,43,81.19,53.47,20,37,66.67,83.33,57.14,80.0,83.33,87.5,100.0,81.82,100.0,High
INSP00325,RO0041,IOCL RO Kanpur Bypass,OFF09,Kanpur Office,Kanpur,Uttar Pradesh,UP Region,Average,2024-03-31,Q1,2024,Quarterly,Vikram Pandey,79,27,38,74.53,56.94,24,34,90.0,75.0,83.33,81.82,63.64,87.5,70.0,91.67,50.0,High
INSP00326,RO0041,IOCL RO Kanpur Bypass,OFF09,Kanpur Office,Kanpur,Uttar Pradesh,UP Region,Average,2024-06-30,Q2,2024,Quarterly,Rekha Patel,84,18,42,82.35,53.47,21,35,90.91,85.71,71.43,100.0,90.0,72.73,80.0,81.82,75.0,High
INSP00327,RO0041,IOCL RO Kanpur Bypass,OFF09,Kanpur Office,Kanpur,Uttar Pradesh,UP Region,Average,2024-09-30,Q3,2024,Quarterly,Rahul Dubey,82,25,37,76.64,68.06,26,46,83.33,75.0,100.0,81.82,91.67,60.0,87.5,90.91,50.0,High
INSP00328,RO0041,IOCL RO Kanpur Bypass,OFF09,Kanpur Office,Kanpur,Uttar Pradesh,UP Region,Average,2024-12-31,Q4,2024,Annual,Manish Tiwari,80,25,39,76.19,59.72,23,40,61.54,83.33,100.0,88.89,80.0,90.0,60.0,70.0,100.0,High
INSP00329,RO0042,IOCL RO Kanpur Phase 2,OFF09,Kanpur Office,Kanpur,Uttar Pradesh,UP Region,Poor,2023-03-31,Q1,2023,Quarterly,Deepak Verma,50,50,44,50.0,83.33,46,28,38.46,16.67,57.14,55.56,70.0,66.67,33.33,70.0,50.0,High
INSP00330,RO0042,IOCL RO Kanpur Phase 2,OFF09,Kanpur Office,Kanpur,Uttar Pradesh,UP Region,Poor,2023-06-30,Q2,2023,Quarterly,Rohit Mishra,53,48,43,52.48,92.36,49,35,66.67,42.86,28.57,72.73,44.44,30.0,66.67,41.67,100.0,High
INSP00331,RO0042,IOCL RO Kanpur Phase 2,OFF09,Kanpur Office,Kanpur,Uttar Pradesh,UP Region,Poor,2023-09-30,Q3,2023,Quarterly,Meena Saxena,49,42,53,53.85,75.0,43,22,77.78,25.0,28.57,37.5,45.45,77.78,50.0,81.82,100.0,High
INSP00332,RO0042,IOCL RO Kanpur Phase 2,OFF09,Kanpur Office,Kanpur,Uttar Pradesh,UP Region,Poor,2023-12-31,Q4,2023,Annual,Kavita Yadav,46,63,35,42.2,102.08,59,29,36.36,62.5,37.5,50.0,33.33,36.36,33.33,55.56,75.0,High
INSP00333,RO0042,IOCL RO Kanpur Phase 2,OFF09,Kanpur Office,Kanpur,Uttar Pradesh,UP Region,Poor,2024-03-31,Q1,2024,Quarterly,Kavita Yadav,57,46,41,55.34,88.19,48,31,55.56,57.14,62.5,60.0,30.0,54.55,57.14,63.64,50.0,High
INSP00334,RO0042,IOCL RO Kanpur Phase 2,OFF09,Kanpur Office,Kanpur,Uttar Pradesh,UP Region,Poor,2024-06-30,Q2,2024,Quarterly,Suresh Nair,54,51,39,51.43,87.5,47,32,50.0,28.57,50.0,28.57,50.0,66.67,20.0,83.33,75.0,High
INSP00335,RO0042,IOCL RO Kanpur Phase 2,OFF09,Kanpur Office,Kanpur,Uttar Pradesh,UP Region,Poor,2024-09-30,Q3,2024,Quarterly,Pooja Chauhan,56,49,39,53.33,90.28,50,30,53.85,66.67,62.5,45.45,45.45,60.0,60.0,45.45,66.67,High
INSP00336,RO0042,IOCL RO Kanpur Phase 2,OFF09,Kanpur Office,Kanpur,Uttar Pradesh,UP Region,Poor,2024-12-31,Q4,2024,Annual,Rohit Mishra,46,50,48,47.92,86.11,48,28,54.55,50.0,40.0,42.86,63.64,22.22,62.5,22.22,50.0,High
INSP00337,RO0043,IOCL RO Kanpur Industrial Area,OFF09,Kanpur Office,Kanpur,Uttar Pradesh,UP Region,Good,2023-03-31,Q1,2023,Quarterly,Shweta Bhatia,101,6,37,94.39,27.08,5,29,83.33,87.5,100.0,100.0,88.89,100.0,100.0,100.0,100.0,Medium
INSP00338,RO0043,IOCL RO Kanpur Industrial Area,OFF09,Kanpur Office,Kanpur,Uttar Pradesh,UP Region,Good,2023-06-30,Q2,2023,Quarterly,Vikram Pandey,103,11,30,90.35,29.17,9,24,100.0,100.0,100.0,90.0,91.67,90.91,100.0,91.67,75.0,Medium
INSP00339,RO0043,IOCL RO Kanpur Industrial Area,OFF09,Kanpur Office,Kanpur,Uttar Pradesh,UP Region,Good,2023-09-30,Q3,2023,Quarterly,Dinesh Rao,92,18,34,83.64,38.19,16,23,92.31,100.0,75.0,90.0,72.73,90.0,80.0,100.0,66.67,High
INSP00340,RO0043,IOCL RO Kanpur Industrial Area,OFF09,Kanpur Office,Kanpur,Uttar Pradesh,UP Region,Good,2023-12-31,Q4,2023,Annual,Dinesh Rao,105,8,31,92.92,27.78,9,22,92.86,85.71,100.0,100.0,100.0,90.91,70.0,90.91,100.0,Medium
INSP00341,RO0043,IOCL RO Kanpur Industrial Area,OFF09,Kanpur Office,Kanpur,Uttar Pradesh,UP Region,Good,2024-03-31,Q1,2024,Quarterly,Amit Sharma,103,8,33,92.79,23.61,5,24,78.57,100.0,100.0,100.0,91.67,90.91,100.0,91.67,100.0,Medium
INSP00342,RO0043,IOCL RO Kanpur Industrial Area,OFF09,Kanpur Office,Kanpur,Uttar Pradesh,UP Region,Good,2024-06-30,Q2,2024,Quarterly,Rohit Mishra,96,15,33,86.49,28.47,14,13,100.0,62.5,100.0,77.78,80.0,90.0,70.0,81.82,100.0,Medium
INSP00343,RO0043,IOCL RO Kanpur Industrial Area,OFF09,Kanpur Office,Kanpur,Uttar Pradesh,UP Region,Good,2024-09-30,Q3,2024,Quarterly,Rekha Patel,104,9,31,92.04,22.92,8,17,90.91,87.5,85.71,100.0,91.67,81.82,90.0,91.67,100.0,Medium
INSP00344,RO0043,IOCL RO Kanpur Industrial Area,OFF09,Kanpur Office,Kanpur,Uttar Pradesh,UP Region,Good,2024-12-31,Q4,2024,Annual,Amit Sharma,108,4,32,96.43,28.47,4,33,100.0,100.0,100.0,80.0,100.0,100.0,88.89,100.0,100.0,Medium
INSP00345,RO0044,IOCL RO Kanpur Civil Lines,OFF09,Kanpur Office,Kanpur,Uttar Pradesh,UP Region,Good,2023-03-31,Q1,2023,Quarterly,Pooja Chauhan,99,9,36,91.67,27.08,9,21,91.67,100.0,100.0,100.0,90.91,100.0,70.0,81.82,100.0,Medium
INSP00346,RO0044,IOCL RO Kanpur Civil Lines,OFF09,Kanpur Office,Kanpur,Uttar Pradesh,UP Region,Good,2023-06-30,Q2,2023,Quarterly,Suresh Nair,105,3,36,97.22,23.61,5,24,100.0,100.0,100.0,100.0,90.91,100.0,100.0,100.0,100.0,Medium
INSP00347,RO0044,IOCL RO Kanpur Civil Lines,OFF09,Kanpur Office,Kanpur,Uttar Pradesh,UP Region,Good,2023-09-30,Q3,2023,Quarterly,Vikram Pandey,99,14,31,87.61,33.33,15,18,100.0,100.0,87.5,81.82,91.67,100.0,80.0,81.82,100.0,High
INSP00348,RO0044,IOCL RO Kanpur Civil Lines,OFF09,Kanpur Office,Kanpur,Uttar Pradesh,UP Region,Good,2023-12-31,Q4,2023,Annual,Deepak Verma,106,9,29,92.17,25.0,9,18,100.0,87.5,100.0,81.82,100.0,90.91,100.0,83.33,100.0,Medium
INSP00349,RO0044,IOCL RO Kanpur Civil Lines,OFF09,Kanpur Office,Kanpur,Uttar Pradesh,UP Region,Good,2024-03-31,Q1,2024,Quarterly,Anjali Srivastava,96,14,34,87.27,38.19,12,31,92.31,100.0,75.0,81.82,91.67,90.91,77.78,91.67,100.0,High
INSP00350,RO0044,IOCL RO Kanpur Civil Lines,OFF09,Kanpur Office,Kanpur,Uttar Pradesh,UP Region,Good,2024-06-30,Q2,2024,Quarterly,Suresh Nair,98,9,37,91.59,29.86,9,25,90.91,100.0,100.0,90.91,90.91,100.0,87.5,100.0,100.0,Medium
INSP00351,RO0044,IOCL RO Kanpur Civil Lines,OFF09,Kanpur Office,Kanpur,Uttar Pradesh,UP Region,Good,2024-09-30,Q3,2024,Quarterly,Alok Tripathi,103,7,34,93.64,22.22,5,22,84.62,100.0,87.5,100.0,90.91,100.0,88.89,100.0,100.0,Medium
INSP00352,RO0044,IOCL RO Kanpur Civil Lines,OFF09,Kanpur Office,Kanpur,Uttar Pradesh,UP Region,Good,2024-12-31,Q4,2024,Annual,Rohit Mishra,105,9,30,92.11,34.03,10,29,92.31,87.5,87.5,100.0,100.0,90.91,100.0,90.91,100.0,High
INSP00353,RO0045,IOCL RO Agra Sector 34,OFF10,Agra Office,Agra,Uttar Pradesh,UP Region,Good,2023-03-31,Q1,2023,Quarterly,Amit Sharma,105,6,33,94.59,29.17,8,26,100.0,87.5,100.0,100.0,100.0,100.0,75.0,100.0,100.0,Medium
INSP00354,RO0045,IOCL RO Agra Sector 34,OFF10,Agra Office,Agra,Uttar Pradesh,UP Region,Good,2023-06-30,Q2,2023,Quarterly,Sunita Gupta,111,5,28,95.69,22.92,6,21,100.0,87.5,87.5,100.0,100.0,90.91,100.0,100.0,100.0,Medium
INSP00355,RO0045,IOCL RO Agra Sector 34,OFF10,Agra Office,Agra,Uttar Pradesh,UP Region,Good,2023-09-30,Q3,2023,Quarterly,Shweta Bhatia,106,4,34,96.36,17.36,3,19,90.0,100.0,100.0,100.0,90.91,100.0,88.89,100.0,100.0,Medium
INSP00356,RO0045,IOCL RO Agra Sector 34,OFF10,Agra Office,Agra,Uttar Pradesh,UP Region,Good,2023-12-31,Q4,2023,Annual,Pooja Chauhan,108,10,26,91.53,34.03,10,29,100.0,100.0,87.5,90.91,100.0,90.91,90.0,91.67,75.0,High
INSP00357,RO0045,IOCL RO Agra Sector 34,OFF10,Agra Office,Agra,Uttar Pradesh,UP Region,Good,2024-03-31,Q1,2024,Quarterly,Manish Tiwari,104,10,30,91.23,29.17,9,24,91.67,100.0,100.0,90.0,100.0,90.91,90.0,91.67,100.0,Medium
INSP00358,RO0045,IOCL RO Agra Sector 34,OFF10,Agra Office,Agra,Uttar Pradesh,UP Region,Good,2024-06-30,Q2,2024,Quarterly,Rekha Patel,104,9,31,92.04,25.69,10,17,92.31,100.0,100.0,100.0,83.33,90.91,100.0,90.91,100.0,Medium
INSP00359,RO0045,IOCL RO Agra Sector 34,OFF10,Agra Office,Agra,Uttar Pradesh,UP Region,Good,2024-09-30,Q3,2024,Quarterly,Shweta Bhatia,104,8,32,92.86,26.39,8,22,92.31,100.0,100.0,72.73,90.91,100.0,100.0,83.33,100.0,Medium
INSP00360,RO0045,IOCL RO Agra Sector 34,OFF10,Agra Office,Agra,Uttar Pradesh,UP Region,Good,2024-12-31,Q4,2024,Annual,Alok Tripathi,104,10,30,91.23,27.08,9,21,92.31,75.0,100.0,100.0,83.33,100.0,88.89,91.67,100.0,Medium
INSP00361,RO0046,IOCL RO Agra Bypass,OFF10,Agra Office,Agra,Uttar Pradesh,UP Region,Average,2023-03-31,Q1,2023,Quarterly,Amit Sharma,79,24,41,76.7,54.86,26,27,90.91,57.14,75.0,70.0,90.0,70.0,77.78,81.82,100.0,High
INSP00362,RO0046,IOCL RO Agra Bypass,OFF10,Agra Office,Agra,Uttar Pradesh,UP Region,Average,2023-06-30,Q2,2023,Quarterly,Dinesh Rao,75,27,42,73.53,60.42,27,33,84.62,71.43,85.71,81.82,90.0,55.56,62.5,72.73,25.0,High
INSP00363,RO0046,IOCL RO Agra Bypass,OFF10,Agra Office,Agra,Uttar Pradesh,UP Region,Average,2023-09-30,Q3,2023,Quarterly,Amit Sharma,82,18,44,82.0,47.92,18,33,84.62,100.0,85.71,66.67,77.78,90.91,87.5,100.0,75.0,High
INSP00364,RO0046,IOCL RO Agra Bypass,OFF10,Agra Office,Agra,Uttar Pradesh,UP Region,Average,2023-12-31,Q4,2023,Annual,Rajesh Kumar,74,27,43,73.27,57.64,28,27,80.0,75.0,50.0,90.0,70.0,75.0,80.0,75.0,100.0,High
INSP00365,RO0046,IOCL RO Agra Bypass,OFF10,Agra Office,Agra,Uttar Pradesh,UP Region,Average,2024-03-31,Q1,2024,Quarterly,Rekha Patel,73,25,46,74.49,57.64,23,37,81.82,100.0,83.33,81.82,66.67,80.0,66.67,50.0,50.0,High
INSP00366,RO0046,IOCL RO Agra Bypass,OFF10,Agra Office,Agra,Uttar Pradesh,UP Region,Average,2024-06-30,Q2,2024,Quarterly,Rekha Patel,81,20,43,80.2,50.0,19,34,83.33,83.33,66.67,80.0,72.73,77.78,88.89,100.0,66.67,High
INSP00367,RO0046,IOCL RO Agra Bypass,OFF10,Agra Office,Agra,Uttar Pradesh,UP Region,Average,2024-09-30,Q3,2024,Quarterly,Manish Tiwari,70,28,46,71.43,60.42,26,35,54.55,62.5,57.14,88.89,66.67,71.43,88.89,85.71,66.67,High
INSP00368,RO0046,IOCL RO Agra Bypass,OFF10,Agra Office,Agra,Uttar Pradesh,UP Region,Average,2024-12-31,Q4,2024,Annual,Amit Sharma,69,32,43,68.32,61.11,29,30,84.62,83.33,60.0,55.56,58.33,62.5,66.67,83.33,33.33,High
INSP00369,RO0047,IOCL RO Agra Sector 1,OFF10,Agra Office,Agra,Uttar Pradesh,UP Region,Poor,2023-03-31,Q1,2023,Quarterly,Neha Agarwal,54,47,43,53.47,88.19,51,25,66.67,0.0,25.0,80.0,54.55,45.45,55.56,50.0,66.67,High
INSP00370,RO0047,IOCL RO Agra Sector 1,OFF10,Agra Office,Agra,Uttar Pradesh,UP Region,Poor,2023-06-30,Q2,2023,Quarterly,Sunita Gupta,55,52,37,51.4,90.97,49,33,41.67,60.0,37.5,36.36,75.0,75.0,50.0,54.55,66.67,High
INSP00371,RO0047,IOCL RO Agra Sector 1,OFF10,Agra Office,Agra,Uttar Pradesh,UP Region,Poor,2023-09-30,Q3,2023,Quarterly,Amit Sharma,46,56,42,45.1,95.14,55,27,54.55,57.14,28.57,33.33,40.0,66.67,50.0,41.67,33.33,High
INSP00372,RO0047,IOCL RO Agra Sector 1,OFF10,Agra Office,Agra,Uttar Pradesh,UP Region,Poor,2023-12-31,Q4,2023,Annual,Vikram Pandey,57,46,41,55.34,90.28,44,42,61.54,28.57,50.0,50.0,55.56,75.0,60.0,72.73,50.0,High
INSP00373,RO0047,IOCL RO Agra Sector 1,OFF10,Agra Office,Agra,Uttar Pradesh,UP Region,Poor,2024-03-31,Q1,2024,Quarterly,Neha Agarwal,53,58,33,47.75,104.86,59,33,54.55,62.5,50.0,77.78,30.0,45.45,20.0,63.64,50.0,High
INSP00374,RO0047,IOCL RO Agra Sector 1,OFF10,Agra Office,Agra,Uttar Pradesh,UP Region,Poor,2024-06-30,Q2,2024,Quarterly,Sunita Gupta,56,47,41,54.37,90.97,49,33,58.33,33.33,83.33,37.5,36.36,54.55,44.44,63.64,100.0,High
INSP00375,RO0047,IOCL RO Agra Sector 1,OFF10,Agra Office,Agra,Uttar Pradesh,UP Region,Poor,2024-09-30,Q3,2024,Quarterly,Priya Singh,51,51,42,50.0,90.97,52,27,44.44,37.5,42.86,60.0,83.33,55.56,37.5,40.0,33.33,High
INSP00376,RO0047,IOCL RO Agra Sector 1,OFF10,Agra Office,Agra,Uttar Pradesh,UP Region,Poor,2024-12-31,Q4,2024,Annual,Sanjay Joshi,54,55,35,49.54,91.67,54,24,30.77,75.0,14.29,40.0,60.0,54.55,44.44,54.55,25.0,High
INSP00377,RO0048,IOCL RO Agra Industrial Area,OFF10,Agra Office,Agra,Uttar Pradesh,UP Region,Poor,2023-03-31,Q1,2023,Quarterly,Amit Sharma,54,51,39,51.43,90.97,53,25,76.92,57.14,80.0,50.0,63.64,50.0,42.86,40.0,0.0,High
INSP00378,RO0048,IOCL RO Agra Industrial Area,OFF10,Agra Office,Agra,Uttar Pradesh,UP Region,Poor,2023-06-30,Q2,2023,Quarterly,Sanjay Joshi,50,47,47,51.55,90.97,49,33,87.5,25.0,50.0,33.33,72.73,57.14,62.5,36.36,66.67,High
INSP00379,RO0048,IOCL RO Agra Industrial Area,OFF10,Agra Office,Agra,Uttar Pradesh,UP Region,Poor,2023-09-30,Q3,2023,Quarterly,Amit Sharma,54,54,36,50.0,93.75,51,33,46.15,66.67,12.5,33.33,63.64,63.64,44.44,63.64,66.67,High
INSP00380,RO0048,IOCL RO Agra Industrial Area,OFF10,Agra Office,Agra,Uttar Pradesh,UP Region,Poor,2023-12-31,Q4,2023,Annual,Rekha Patel,52,49,43,51.49,84.72,48,26,44.44,57.14,87.5,77.78,20.0,63.64,37.5,27.27,50.0,High
INSP00381,RO0048,IOCL RO Agra Industrial Area,OFF10,Agra Office,Agra,Uttar Pradesh,UP Region,Poor,2024-03-31,Q1,2024,Quarterly,Manish Tiwari,59,49,36,54.63,90.97,48,35,27.27,62.5,50.0,50.0,45.45,63.64,50.0,44.44,66.67,High
INSP00382,RO0048,IOCL RO Agra Industrial Area,OFF10,Agra Office,Agra,Uttar Pradesh,UP Region,Poor,2024-06-30,Q2,2024,Quarterly,Deepak Verma,44,54,46,44.9,87.5,48,30,40.0,40.0,28.57,50.0,75.0,50.0,55.56,22.22,33.33,High
INSP00383,RO0048,IOCL RO Agra Industrial Area,OFF10,Agra Office,Agra,Uttar Pradesh,UP Region,Poor,2024-09-30,Q3,2024,Quarterly,Amit Sharma,52,48,44,52.0,90.28,48,34,45.45,57.14,25.0,27.27,81.82,30.0,62.5,44.44,33.33,High
INSP00384,RO0048,IOCL RO Agra Industrial Area,OFF10,Agra Office,Agra,Uttar Pradesh,UP Region,Poor,2024-12-31,Q4,2024,Annual,Rohit Mishra,52,47,45,52.53,85.42,47,29,63.64,62.5,75.0,50.0,36.36,42.86,57.14,54.55,75.0,High
INSP00385,RO0049,IOCL RO Meerut Sector 34,OFF11,Meerut Office,Meerut,Uttar Pradesh,UP Region,Average,2023-03-31,Q1,2023,Quarterly,Alok Tripathi,84,16,44,84.0,51.39,15,44,92.31,100.0,100.0,100.0,100.0,37.5,83.33,80.0,100.0,High
INSP00386,RO0049,IOCL RO Meerut Sector 34,OFF11,Meerut Office,Meerut,Uttar Pradesh,UP Region,Average,2023-06-30,Q2,2023,Quarterly,Priya Singh,79,23,42,77.45,52.08,21,33,76.92,100.0,100.0,80.0,60.0,81.82,66.67,70.0,66.67,High
INSP00387,RO0049,IOCL RO Meerut Sector 34,OFF11,Meerut Office,Meerut,Uttar Pradesh,UP Region,Average,2023-09-30,Q3,2023,Quarterly,Rahul Dubey,82,23,39,78.1,51.39,20,34,50.0,75.0,60.0,100.0,90.0,100.0,87.5,100.0,25.0,High
INSP00388,RO0049,IOCL RO Meerut Sector 34,OFF11,Meerut Office,Meerut,Uttar Pradesh,UP Region,Average,2023-12-31,Q4,2023,Annual,Meena Saxena,76,24,44,76.0,59.03,25,35,76.92,75.0,60.0,80.0,70.0,80.0,88.89,90.0,75.0,High
INSP00389,RO0049,IOCL RO Meerut Sector 34,OFF11,Meerut Office,Meerut,Uttar Pradesh,UP Region,Average,2024-03-31,Q1,2024,Quarterly,Priya Singh,78,27,39,74.29,53.47,24,29,36.36,62.5,85.71,90.0,60.0,62.5,100.0,91.67,75.0,High
INSP00390,RO0049,IOCL RO Meerut Sector 34,OFF11,Meerut Office,Meerut,Uttar Pradesh,UP Region,Average,2024-06-30,Q2,2024,Quarterly,Manish Tiwari,76,25,43,75.25,59.03,25,35,92.86,83.33,57.14,90.91,75.0,87.5,75.0,71.43,75.0,High
INSP00391,RO0049,IOCL RO Meerut Sector 34,OFF11,Meerut Office,Meerut,Uttar Pradesh,UP Region,Average,2024-09-30,Q3,2024,Quarterly,Rekha Patel,73,25,46,74.49,59.72,24,38,80.0,75.0,85.71,72.73,72.73,72.73,87.5,62.5,100.0,High
INSP00392,RO0049,IOCL RO Meerut Sector 34,OFF11,Meerut Office,Meerut,Uttar Pradesh,UP Region,Average,2024-12-31,Q4,2024,Annual,Rekha Patel,82,23,39,78.1,49.31,21,29,75.0,83.33,62.5,90.91,75.0,85.71,75.0,75.0,100.0,High
INSP00393,RO0050,IOCL RO Meerut Civil Lines,OFF11,Meerut Office,Meerut,Uttar Pradesh,UP Region,Good,2023-03-31,Q1,2023,Quarterly,Anjali Srivastava,103,6,35,94.5,27.08,6,27,91.67,85.71,100.0,90.91,90.91,88.89,100.0,100.0,100.0,Medium
INSP00394,RO0050,IOCL RO Meerut Civil Lines,OFF11,Meerut Office,Meerut,Uttar Pradesh,UP Region,Good,2023-06-30,Q2,2023,Quarterly,Rekha Patel,100,10,34,90.91,28.47,9,23,81.82,85.71,100.0,100.0,90.91,90.91,100.0,90.91,100.0,Medium
INSP00395,RO0050,IOCL RO Meerut Civil Lines,OFF11,Meerut Office,Meerut,Uttar Pradesh,UP Region,Good,2023-09-30,Q3,2023,Quarterly,Sanjay Joshi,109,5,30,95.61,24.31,6,23,100.0,100.0,87.5,100.0,90.91,100.0,90.0,100.0,100.0,Medium
INSP00396,RO0050,IOCL RO Meerut Civil Lines,OFF11,Meerut Office,Meerut,Uttar Pradesh,UP Region,Good,2023-12-31,Q4,2023,Annual,Amit Sharma,105,11,28,90.52,31.94,12,22,92.31,100.0,100.0,100.0,75.0,100.0,88.89,100.0,100.0,High
INSP00397,RO0050,IOCL RO Meerut Civil Lines,OFF11,Meerut Office,Meerut,Uttar Pradesh,UP Region,Good,2024-03-31,Q1,2024,Quarterly,Priya Singh,110,6,28,94.83,27.78,8,24,100.0,100.0,100.0,100.0,100.0,81.82,100.0,83.33,100.0,Medium
INSP00398,RO0050,IOCL RO Meerut Civil Lines,OFF11,Meerut Office,Meerut,Uttar Pradesh,UP Region,Good,2024-06-30,Q2,2024,Quarterly,Rajesh Kumar,107,10,27,91.45,23.61,7,20,100.0,100.0,100.0,90.91,90.0,81.82,100.0,83.33,100.0,Medium
INSP00399,RO0050,IOCL RO Meerut Civil Lines,OFF11,Meerut Office,Meerut,Uttar Pradesh,UP Region,Good,2024-09-30,Q3,2024,Quarterly,Priya Singh,98,11,35,89.91,31.25,8,29,83.33,100.0,100.0,100.0,100.0,100.0,100.0,66.67,100.0,High
INSP00400,RO0050,IOCL RO Meerut Civil Lines,OFF11,Meerut Office,Meerut,Uttar Pradesh,UP Region,Good,2024-12-31,Q4,2024,Annual,Rahul Dubey,104,8,32,92.86,25.69,8,21,100.0,100.0,100.0,100.0,91.67,100.0,88.89,91.67,75.0,Medium
INSP00401,RO0051,IOCL RO Meerut Phase 2,OFF11,Meerut Office,Meerut,Uttar Pradesh,UP Region,Good,2023-03-31,Q1,2023,Quarterly,Suresh Nair,103,8,33,92.79,28.47,9,23,92.31,100.0,87.5,81.82,100.0,100.0,100.0,83.33,100.0,Medium
INSP00402,RO0051,IOCL RO Meerut Phase 2,OFF11,Meerut Office,Meerut,Uttar Pradesh,UP Region,Good,2023-06-30,Q2,2023,Quarterly,Vikram Pandey,108,6,30,94.74,20.83,3,24,92.31,100.0,100.0,90.91,100.0,88.89,100.0,91.67,100.0,Medium
INSP00403,RO0051,IOCL RO Meerut Phase 2,OFF11,Meerut Office,Meerut,Uttar Pradesh,UP Region,Good,2023-09-30,Q3,2023,Quarterly,Alok Tripathi,107,10,27,91.45,29.86,8,27,92.31,87.5,100.0,90.0,100.0,81.82,100.0,100.0,100.0,Medium
INSP00404,RO0051,IOCL RO Meerut Phase 2,OFF11,Meerut Office,Meerut,Uttar Pradesh,UP Region,Good,2023-12-31,Q4,2023,Annual,Priya Singh,90,14,40,86.54,29.86,12,19,69.23,100.0,100.0,63.64,83.33,90.0,100.0,100.0,100.0,Medium
INSP00405,RO0051,IOCL RO Meerut Phase 2,OFF11,Meerut Office,Meerut,Uttar Pradesh,UP Region,Good,2024-03-31,Q1,2024,Quarterly,Dinesh Rao,104,7,33,93.69,27.08,8,23,100.0,85.71,85.71,100.0,91.67,100.0,90.0,91.67,100.0,Medium
INSP00406,RO0051,IOCL RO Meerut Phase 2,OFF11,Meerut Office,Meerut,Uttar Pradesh,UP Region,Good,2024-06-30,Q2,2024,Quarterly,Rekha Patel,105,7,32,93.75,22.92,6,21,100.0,100.0,100.0,90.91,100.0,90.0,100.0,83.33,75.0,Medium
INSP00407,RO0051,IOCL RO Meerut Phase 2,OFF11,Meerut Office,Meerut,Uttar Pradesh,UP Region,Good,2024-09-30,Q3,2024,Quarterly,Amit Sharma,107,3,34,97.27,19.44,3,22,100.0,100.0,100.0,100.0,90.91,100.0,100.0,90.91,100.0,Medium
INSP00408,RO0051,IOCL RO Meerut Phase 2,OFF11,Meerut Office,Meerut,Uttar Pradesh,UP Region,Good,2024-12-31,Q4,2024,Annual,Neha Agarwal,99,6,39,94.29,26.39,5,28,90.0,100.0,71.43,100.0,100.0,100.0,88.89,100.0,100.0,Medium
INSP00409,RO0052,IOCL RO Meerut Sector 1,OFF11,Meerut Office,Meerut,Uttar Pradesh,UP Region,Average,2023-03-31,Q1,2023,Quarterly,Neha Agarwal,81,27,36,75.0,59.03,26,33,66.67,87.5,100.0,81.82,58.33,77.78,90.0,66.67,75.0,High
INSP00410,RO0052,IOCL RO Meerut Sector 1,OFF11,Meerut Office,Meerut,Uttar Pradesh,UP Region,Average,2023-06-30,Q2,2023,Quarterly,Priya Singh,76,26,42,74.51,54.86,24,31,66.67,66.67,66.67,66.67,72.73,77.78,85.71,100.0,100.0,High
INSP00411,RO0052,IOCL RO Meerut Sector 1,OFF11,Meerut Office,Meerut,Uttar Pradesh,UP Region,Average,2023-09-30,Q3,2023,Quarterly,Anjali Srivastava,68,33,43,67.33,59.03,31,23,33.33,71.43,75.0,62.5,63.64,70.0,77.78,80.0,100.0,High
INSP00412,RO0052,IOCL RO Meerut Sector 1,OFF11,Meerut Office,Meerut,Uttar Pradesh,UP Region,Average,2023-12-31,Q4,2023,Annual,Manish Tiwari,70,24,50,74.47,61.11,25,38,80.0,60.0,57.14,87.5,85.71,50.0,66.67,80.0,100.0,High
INSP00413,RO0052,IOCL RO Meerut Sector 1,OFF11,Meerut Office,Meerut,Uttar Pradesh,UP Region,Average,2024-03-31,Q1,2024,Quarterly,Rahul Dubey,81,30,33,72.97,59.03,27,31,50.0,75.0,71.43,90.91,75.0,54.55,55.56,90.0,100.0,High
INSP00414,RO0052,IOCL RO Meerut Sector 1,OFF11,Meerut Office,Meerut,Uttar Pradesh,UP Region,Average,2024-06-30,Q2,2024,Quarterly,Sanjay Joshi,81,19,44,81.0,57.64,21,41,91.67,100.0,85.71,90.91,54.55,90.91,28.57,90.0,100.0,High
INSP00415,RO0052,IOCL RO Meerut Sector 1,OFF11,Meerut Office,Meerut,Uttar Pradesh,UP Region,Average,2024-09-30,Q3,2024,Quarterly,Sunita Gupta,82,25,37,76.64,58.33,24,36,70.0,75.0,87.5,70.0,83.33,81.82,60.0,83.33,75.0,High
INSP00416,RO0052,IOCL RO Meerut Sector 1,OFF11,Meerut Office,Meerut,Uttar Pradesh,UP Region,Average,2024-12-31,Q4,2024,Annual,Rekha Patel,64,33,47,65.98,64.58,29,35,50.0,71.43,57.14,55.56,63.64,50.0,90.0,80.0,66.67,High
INSP00417,RO0053,IOCL RO Varanasi Highway,OFF12,Varanasi Office,Varanasi,Uttar Pradesh,UP Region,Good,2023-03-31,Q1,2023,Quarterly,Rajesh Kumar,108,10,26,91.53,29.86,9,25,85.71,100.0,87.5,100.0,100.0,90.91,100.0,91.67,75.0,Medium
INSP00418,RO0053,IOCL RO Varanasi Highway,OFF12,Varanasi Office,Varanasi,Uttar Pradesh,UP Region,Good,2023-06-30,Q2,2023,Quarterly,Manish Tiwari,100,15,29,86.96,34.03,12,25,85.71,80.0,100.0,90.91,91.67,100.0,60.0,100.0,100.0,High
INSP00419,RO0053,IOCL RO Varanasi Highway,OFF12,Varanasi Office,Varanasi,Uttar Pradesh,UP Region,Good,2023-09-30,Q3,2023,Quarterly,Manish Tiwari,102,7,35,93.58,27.08,6,27,92.31,100.0,75.0,100.0,100.0,100.0,90.0,100.0,100.0,Medium
INSP00420,RO0053,IOCL RO Varanasi Highway,OFF12,Varanasi Office,Varanasi,Uttar Pradesh,UP Region,Good,2023-12-31,Q4,2023,Annual,Deepak Verma,105,11,28,90.52,29.86,10,23,92.86,100.0,85.71,100.0,83.33,90.91,80.0,100.0,100.0,Medium
INSP00421,RO0053,IOCL RO Varanasi Highway,OFF12,Varanasi Office,Varanasi,Uttar Pradesh,UP Region,Good,2024-03-31,Q1,2024,Quarterly,Suresh Nair,107,4,33,96.4,18.75,5,17,91.67,85.71,100.0,100.0,100.0,100.0,100.0,100.0,66.67,Medium
INSP00422,RO0053,IOCL RO Varanasi Highway,OFF12,Varanasi Office,Varanasi,Uttar Pradesh,UP Region,Good,2024-06-30,Q2,2024,Quarterly,Rahul Dubey,101,10,33,90.99,29.86,9,25,92.31,85.71,87.5,90.0,91.67,100.0,100.0,91.67,75.0,Medium
INSP00423,RO0053,IOCL RO Varanasi Highway,OFF12,Varanasi Office,Varanasi,Uttar Pradesh,UP Region,Good,2024-09-30,Q3,2024,Quarterly,Sanjay Joshi,101,13,30,88.6,30.56,11,22,92.31,100.0,100.0,88.89,91.67,90.91,80.0,91.67,75.0,High
INSP00424,RO0053,IOCL RO Varanasi Highway,OFF12,Varanasi Office,Varanasi,Uttar Pradesh,UP Region,Good,2024-12-31,Q4,2024,Annual,Rohit Mishra,102,11,31,90.27,29.86,12,19,100.0,87.5,100.0,100.0,63.64,100.0,100.0,80.0,75.0,Medium
INSP00425,RO0054,IOCL RO Varanasi Cantonment,OFF12,Varanasi Office,Varanasi,Uttar Pradesh,UP Region,Good,2023-03-31,Q1,2023,Quarterly,Manish Tiwari,101,9,34,91.82,25.69,9,19,100.0,87.5,100.0,72.73,100.0,100.0,88.89,81.82,100.0,Medium
INSP00426,RO0054,IOCL RO Varanasi Cantonment,OFF12,Varanasi Office,Varanasi,Uttar Pradesh,UP Region,Good,2023-06-30,Q2,2023,Quarterly,Alok Tripathi,103,7,34,93.64,24.31,5,25,91.67,100.0,100.0,100.0,100.0,90.0,100.0,90.91,100.0,Medium
INSP00427,RO0054,IOCL RO Varanasi Cantonment,OFF12,Varanasi Office,Varanasi,Uttar Pradesh,UP Region,Good,2023-09-30,Q3,2023,Quarterly,Manish Tiwari,101,11,32,90.18,26.39,11,16,92.31,100.0,87.5,81.82,100.0,80.0,90.0,90.91,100.0,Medium
INSP00428,RO0054,IOCL RO Varanasi Cantonment,OFF12,Varanasi Office,Varanasi,Uttar Pradesh,UP Region,Good,2023-12-31,Q4,2023,Annual,Kavita Yadav,99,8,37,92.52,27.08,7,25,100.0,83.33,75.0,100.0,100.0,100.0,100.0,91.67,100.0,Medium
INSP00429,RO0054,IOCL RO Varanasi Cantonment,OFF12,Varanasi Office,Varanasi,Uttar Pradesh,UP Region,Good,2024-03-31,Q1,2024,Quarterly,Rahul Dubey,100,10,34,90.91,29.17,11,20,84.62,87.5,100.0,100.0,80.0,100.0,80.0,100.0,100.0,Medium
INSP00430,RO0054,IOCL RO Varanasi Cantonment,OFF12,Varanasi Office,Varanasi,Uttar Pradesh,UP Region,Good,2024-06-30,Q2,2024,Quarterly,Vikram Pandey,106,9,29,92.17,27.78,9,22,92.31,75.0,100.0,90.91,100.0,90.91,60.0,100.0,100.0,Medium
INSP00431,RO0054,IOCL RO Varanasi Cantonment,OFF12,Varanasi Office,Varanasi,Uttar Pradesh,UP Region,Good,2024-09-30,Q3,2024,Quarterly,Amit Sharma,101,9,34,91.82,25.0,9,18,100.0,85.71,100.0,100.0,100.0,100.0,100.0,83.33,50.0,Medium
INSP00432,RO0054,IOCL RO Varanasi Cantonment,OFF12,Varanasi Office,Varanasi,Uttar Pradesh,UP Region,Good,2024-12-31,Q4,2024,Annual,Rajesh Kumar,103,9,32,91.96,28.47,9,23,92.31,75.0,100.0,90.91,91.67,90.0,88.89,91.67,100.0,Medium
INSP00433,RO0055,IOCL RO Varanasi Sector 12,OFF12,Varanasi Office,Varanasi,Uttar Pradesh,UP Region,Poor,2023-03-31,Q1,2023,Quarterly,Kavita Yadav,47,52,45,47.47,92.36,54,25,54.55,0.0,42.86,30.0,81.82,55.56,50.0,36.36,66.67,High
INSP00434,RO0055,IOCL RO Varanasi Sector 12,OFF12,Varanasi Office,Varanasi,Uttar Pradesh,UP Region,Poor,2023-06-30,Q2,2023,Quarterly,Deepak Verma,50,53,41,48.54,88.19,50,27,66.67,28.57,14.29,50.0,36.36,55.56,75.0,18.18,50.0,High
INSP00435,RO0055,IOCL RO Varanasi Sector 12,OFF12,Varanasi Office,Varanasi,Uttar Pradesh,UP Region,Poor,2023-09-30,Q3,2023,Quarterly,Meena Saxena,39,58,47,40.21,94.44,55,26,20.0,28.57,28.57,44.44,50.0,54.55,33.33,37.5,66.67,High
INSP00436,RO0055,IOCL RO Varanasi Sector 12,OFF12,Varanasi Office,Varanasi,Uttar Pradesh,UP Region,Poor,2023-12-31,Q4,2023,Annual,Pooja Chauhan,54,54,36,50.0,90.28,52,26,50.0,62.5,42.86,45.45,33.33,33.33,50.0,72.73,33.33,High
INSP00437,RO0055,IOCL RO Varanasi Sector 12,OFF12,Varanasi Office,Varanasi,Uttar Pradesh,UP Region,Poor,2024-03-31,Q1,2024,Quarterly,Rajesh Kumar,54,44,46,55.1,83.33,46,28,66.67,66.67,42.86,33.33,27.27,44.44,62.5,36.36,75.0,High
INSP00438,RO0055,IOCL RO Varanasi Sector 12,OFF12,Varanasi Office,Varanasi,Uttar Pradesh,UP Region,Poor,2024-06-30,Q2,2024,Quarterly,Rahul Dubey,48,60,36,44.44,99.31,56,31,33.33,50.0,37.5,63.64,27.27,50.0,55.56,45.45,50.0,High
INSP00439,RO0055,IOCL RO Varanasi Sector 12,OFF12,Varanasi Office,Varanasi,Uttar Pradesh,UP Region,Poor,2024-09-30,Q3,2024,Quarterly,Shweta Bhatia,55,49,40,52.88,89.58,49,31,53.85,50.0,57.14,40.0,75.0,40.0,44.44,45.45,100.0,High
INSP00440,RO0055,IOCL RO Varanasi Sector 12,OFF12,Varanasi Office,Varanasi,Uttar Pradesh,UP Region,Poor,2024-12-31,Q4,2024,Annual,Anjali Srivastava,52,48,44,52.0,86.81,46,33,50.0,16.67,71.43,70.0,30.0,44.44,55.56,54.55,33.33,High
INSP00441,RO0056,IOCL RO Varanasi Sector 12,OFF12,Varanasi Office,Varanasi,Uttar Pradesh,UP Region,Average,2023-03-31,Q1,2023,Quarterly,Manish Tiwari,87,17,40,83.65,44.44,15,34,70.0,80.0,60.0,72.73,100.0,100.0,100.0,100.0,100.0,High
INSP00442,RO0056,IOCL RO Varanasi Sector 12,OFF12,Varanasi Office,Varanasi,Uttar Pradesh,UP Region,Average,2023-06-30,Q2,2023,Quarterly,Suresh Nair,81,29,34,73.64,67.36,31,35,100.0,87.5,42.86,81.82,83.33,55.56,88.89,63.64,50.0,High
INSP00443,RO0056,IOCL RO Varanasi Sector 12,OFF12,Varanasi Office,Varanasi,Uttar Pradesh,UP Region,Average,2023-09-30,Q3,2023,Quarterly,Rajesh Kumar,80,31,33,72.07,68.06,30,38,69.23,62.5,87.5,80.0,72.73,81.82,88.89,60.0,75.0,High
INSP00444,RO0056,IOCL RO Varanasi Sector 12,OFF12,Varanasi Office,Varanasi,Uttar Pradesh,UP Region,Average,2023-12-31,Q4,2023,Annual,Alok Tripathi,88,19,37,82.24,47.22,22,24,100.0,87.5,100.0,87.5,58.33,66.67,70.0,83.33,75.0,High
INSP00445,RO0056,IOCL RO Varanasi Sector 12,OFF12,Varanasi Office,Varanasi,Uttar Pradesh,UP Region,Average,2024-03-31,Q1,2024,Quarterly,Amit Sharma,86,18,40,82.69,60.42,20,47,83.33,57.14,85.71,90.91,91.67,80.0,75.0,87.5,75.0,High
INSP00446,RO0056,IOCL RO Varanasi Sector 12,OFF12,Varanasi Office,Varanasi,Uttar Pradesh,UP Region,Average,2024-06-30,Q2,2024,Quarterly,Amit Sharma,66,33,45,66.67,61.81,32,25,63.64,57.14,60.0,70.0,83.33,60.0,75.0,72.73,50.0,High
INSP00447,RO0056,IOCL RO Varanasi Sector 12,OFF12,Varanasi Office,Varanasi,Uttar Pradesh,UP Region,Average,2024-09-30,Q3,2024,Quarterly,Dinesh Rao,83,21,40,79.81,52.78,20,36,70.0,85.71,87.5,100.0,91.67,55.56,100.0,63.64,100.0,High
INSP00448,RO0056,IOCL RO Varanasi Sector 12,OFF12,Varanasi Office,Varanasi,Uttar Pradesh,UP Region,Average,2024-12-31,Q4,2024,Annual,Kavita Yadav,85,25,34,77.27,55.56,25,30,92.31,87.5,50.0,80.0,66.67,55.56,100.0,81.82,100.0,High
INSP00449,RO0057,IOCL RO Prayagraj Main Road,OFF13,Prayagraj Office,Prayagraj,Uttar Pradesh,UP Region,Good,2023-03-31,Q1,2023,Quarterly,Shweta Bhatia,99,15,30,86.84,34.03,16,17,100.0,100.0,87.5,77.78,100.0,80.0,100.0,90.91,75.0,High
INSP00450,RO0057,IOCL RO Prayagraj Main Road,OFF13,Prayagraj Office,Prayagraj,Uttar Pradesh,UP Region,Good,2023-06-30,Q2,2023,Quarterly,Rekha Patel,102,9,33,91.89,26.39,8,22,92.31,75.0,87.5,100.0,91.67,100.0,90.0,83.33,100.0,Medium
INSP00451,RO0057,IOCL RO Prayagraj Main Road,OFF13,Prayagraj Office,Prayagraj,Uttar Pradesh,UP Region,Good,2023-09-30,Q3,2023,Quarterly,Shweta Bhatia,105,9,30,92.11,27.08,8,23,92.31,85.71,85.71,90.91,90.91,100.0,90.0,100.0,100.0,Medium
INSP00452,RO0057,IOCL RO Prayagraj Main Road,OFF13,Prayagraj Office,Prayagraj,Uttar Pradesh,UP Region,Good,2023-12-31,Q4,2023,Annual,Dinesh Rao,105,7,32,93.75,21.53,8,15,100.0,100.0,87.5,100.0,100.0,80.0,100.0,100.0,100.0,Medium
INSP00453,RO0057,IOCL RO Prayagraj Main Road,OFF13,Prayagraj Office,Prayagraj,Uttar Pradesh,UP Region,Good,2024-03-31,Q1,2024,Quarterly,Suresh Nair,98,15,31,86.73,32.64,13,21,76.92,87.5,75.0,80.0,100.0,100.0,90.0,90.0,75.0,High
INSP00454,RO0057,IOCL RO Prayagraj Main Road,OFF13,Prayagraj Office,Prayagraj,Uttar Pradesh,UP Region,Good,2024-06-30,Q2,2024,Quarterly,Pooja Chauhan,104,7,33,93.69,29.17,7,28,100.0,87.5,100.0,100.0,100.0,100.0,100.0,90.0,100.0,Medium
INSP00455,RO0057,IOCL RO Prayagraj Main Road,OFF13,Prayagraj Office,Prayagraj,Uttar Pradesh,UP Region,Good,2024-09-30,Q3,2024,Quarterly,Amit Sharma,101,9,34,91.82,32.64,10,27,100.0,100.0,100.0,90.91,75.0,90.91,90.0,90.91,100.0,High
INSP00456,RO0057,IOCL RO Prayagraj Main Road,OFF13,Prayagraj Office,Prayagraj,Uttar Pradesh,UP Region,Good,2024-12-31,Q4,2024,Annual,Shweta Bhatia,104,7,33,93.69,23.61,6,22,91.67,100.0,100.0,90.91,100.0,80.0,100.0,100.0,100.0,Medium
INSP00457,RO0058,IOCL RO Prayagraj Civil Lines,OFF13,Prayagraj Office,Prayagraj,Uttar Pradesh,UP Region,Poor,2023-03-31,Q1,2023,Quarterly,Kavita Yadav,53,59,32,47.32,108.33,59,38,46.15,50.0,12.5,45.45,70.0,36.36,40.0,50.0,25.0,High
INSP00458,RO0058,IOCL RO Prayagraj Civil Lines,OFF13,Prayagraj Office,Prayagraj,Uttar Pradesh,UP Region,Poor,2023-06-30,Q2,2023,Quarterly,Amit Sharma,62,42,40,59.62,83.33,43,34,90.0,71.43,25.0,44.44,50.0,44.44,50.0,72.73,100.0,High
INSP00459,RO0058,IOCL RO Prayagraj Civil Lines,OFF13,Prayagraj Office,Prayagraj,Uttar Pradesh,UP Region,Poor,2023-09-30,Q3,2023,Quarterly,Kavita Yadav,55,47,42,53.92,90.97,47,37,72.73,57.14,14.29,60.0,58.33,44.44,55.56,54.55,66.67,High
INSP00460,RO0058,IOCL RO Prayagraj Civil Lines,OFF13,Prayagraj Office,Prayagraj,Uttar Pradesh,UP Region,Poor,2023-12-31,Q4,2023,Annual,Manish Tiwari,40,58,46,40.82,97.22,57,26,30.0,40.0,40.0,60.0,36.36,40.0,50.0,25.0,50.0,High
INSP00461,RO0058,IOCL RO Prayagraj Civil Lines,OFF13,Prayagraj Office,Prayagraj,Uttar Pradesh,UP Region,Poor,2024-03-31,Q1,2024,Quarterly,Sanjay Joshi,56,49,39,53.33,86.81,42,41,58.33,85.71,37.5,50.0,40.0,55.56,50.0,63.64,50.0,High
INSP00462,RO0058,IOCL RO Prayagraj Civil Lines,OFF13,Prayagraj Office,Prayagraj,Uttar Pradesh,UP Region,Poor,2024-06-30,Q2,2024,Quarterly,Suresh Nair,48,58,38,45.28,96.53,56,27,60.0,50.0,37.5,20.0,33.33,33.33,57.14,63.64,75.0,High
INSP00463,RO0058,IOCL RO Prayagraj Civil Lines,OFF13,Prayagraj Office,Prayagraj,Uttar Pradesh,UP Region,Poor,2024-09-30,Q3,2024,Quarterly,Rohit Mishra,49,58,37,45.79,99.31,55,33,33.33,14.29,28.57,30.0,63.64,60.0,66.67,41.67,66.67,High
INSP00464,RO0058,IOCL RO Prayagraj Civil Lines,OFF13,Prayagraj Office,Prayagraj,Uttar Pradesh,UP Region,Poor,2024-12-31,Q4,2024,Annual,Rohit Mishra,40,58,46,40.82,95.14,55,27,45.45,60.0,62.5,50.0,30.0,60.0,44.44,10.0,0.0,High
INSP00465,RO0059,IOCL RO Prayagraj Main Road,OFF13,Prayagraj Office,Prayagraj,Uttar Pradesh,UP Region,Average,2023-03-31,Q1,2023,Quarterly,Manish Tiwari,83,21,40,79.81,56.25,22,37,90.91,85.71,87.5,70.0,75.0,85.71,100.0,81.82,75.0,High
INSP00466,RO0059,IOCL RO Prayagraj Main Road,OFF13,Prayagraj Office,Prayagraj,Uttar Pradesh,UP Region,Average,2023-06-30,Q2,2023,Quarterly,Vikram Pandey,87,23,34,79.09,58.33,23,38,100.0,85.71,62.5,100.0,50.0,70.0,88.89,77.78,100.0,High
INSP00467,RO0059,IOCL RO Prayagraj Main Road,OFF13,Prayagraj Office,Prayagraj,Uttar Pradesh,UP Region,Average,2023-09-30,Q3,2023,Quarterly,Anjali Srivastava,84,20,40,80.77,54.86,21,37,81.82,85.71,71.43,72.73,80.0,90.91,88.89,81.82,75.0,High
INSP00468,RO0059,IOCL RO Prayagraj Main Road,OFF13,Prayagraj Office,Prayagraj,Uttar Pradesh,UP Region,Average,2023-12-31,Q4,2023,Annual,Suresh Nair,80,29,35,73.39,65.97,29,37,75.0,83.33,62.5,88.89,50.0,63.64,100.0,63.64,100.0,High
INSP00469,RO0059,IOCL RO Prayagraj Main Road,OFF13,Prayagraj Office,Prayagraj,Uttar Pradesh,UP Region,Average,2024-03-31,Q1,2024,Quarterly,Pooja Chauhan,75,31,38,70.75,62.5,27,36,92.31,85.71,71.43,70.0,54.55,90.91,77.78,81.82,33.33,High
INSP00470,RO0059,IOCL RO Prayagraj Main Road,OFF13,Prayagraj Office,Prayagraj,Uttar Pradesh,UP Region,Average,2024-06-30,Q2,2024,Quarterly,Sanjay Joshi,76,30,38,71.7,62.5,30,30,90.91,62.5,66.67,77.78,66.67,81.82,66.67,72.73,75.0,High
INSP00471,RO0059,IOCL RO Prayagraj Main Road,OFF13,Prayagraj Office,Prayagraj,Uttar Pradesh,UP Region,Average,2024-09-30,Q3,2024,Quarterly,Rahul Dubey,72,25,47,74.23,61.81,26,37,83.33,66.67,85.71,75.0,70.0,60.0,57.14,80.0,100.0,High
INSP00472,RO0059,IOCL RO Prayagraj Main Road,OFF13,Prayagraj Office,Prayagraj,Uttar Pradesh,UP Region,Average,2024-12-31,Q4,2024,Annual,Rekha Patel,73,29,42,71.57,57.64,29,25,80.0,62.5,100.0,70.0,81.82,80.0,70.0,60.0,50.0,High
INSP00473,RO0060,IOCL RO Prayagraj Old Town,OFF13,Prayagraj Office,Prayagraj,Uttar Pradesh,UP Region,Average,2023-03-31,Q1,2023,Quarterly,Deepak Verma,70,31,43,69.31,63.19,29,33,100.0,62.5,62.5,44.44,72.73,72.73,60.0,72.73,33.33,High
INSP00474,RO0060,IOCL RO Prayagraj Old Town,OFF13,Prayagraj Office,Prayagraj,Uttar Pradesh,UP Region,Average,2023-06-30,Q2,2023,Quarterly,Dinesh Rao,76,33,35,69.72,61.81,28,33,75.0,85.71,83.33,80.0,36.36,90.91,77.78,100.0,50.0,High
INSP00475,RO0060,IOCL RO Prayagraj Old Town,OFF13,Prayagraj Office,Prayagraj,Uttar Pradesh,UP Region,Average,2023-09-30,Q3,2023,Quarterly,Priya Singh,69,33,42,67.65,59.72,30,26,50.0,85.71,50.0,87.5,50.0,70.0,55.56,83.33,50.0,High
INSP00476,RO0060,IOCL RO Prayagraj Old Town,OFF13,Prayagraj Office,Prayagraj,Uttar Pradesh,UP Region,Average,2023-12-31,Q4,2023,Annual,Rohit Mishra,84,17,43,83.17,48.61,16,38,91.67,60.0,71.43,90.0,100.0,72.73,87.5,90.0,100.0,High
INSP00477,RO0060,IOCL RO Prayagraj Old Town,OFF13,Prayagraj Office,Prayagraj,Uttar Pradesh,UP Region,Average,2024-03-31,Q1,2024,Quarterly,Deepak Verma,78,20,46,79.59,51.39,21,32,90.91,71.43,85.71,62.5,50.0,88.89,88.89,88.89,75.0,High
INSP00478,RO0060,IOCL RO Prayagraj Old Town,OFF13,Prayagraj Office,Prayagraj,Uttar Pradesh,UP Region,Average,2024-06-30,Q2,2024,Quarterly,Alok Tripathi,82,16,46,83.67,45.14,17,31,80.0,57.14,100.0,87.5,83.33,100.0,85.71,63.64,100.0,High
INSP00479,RO0060,IOCL RO Prayagraj Old Town,OFF13,Prayagraj Office,Prayagraj,Uttar Pradesh,UP Region,Average,2024-09-30,Q3,2024,Quarterly,Rekha Patel,83,25,36,76.85,59.03,26,33,90.91,75.0,85.71,60.0,81.82,72.73,77.78,77.78,66.67,High
INSP00480,RO0060,IOCL RO Prayagraj Old Town,OFF13,Prayagraj Office,Prayagraj,Uttar Pradesh,UP Region,Average,2024-12-31,Q4,2024,Annual,Dinesh Rao,75,28,41,72.82,59.03,27,31,75.0,87.5,37.5,90.0,80.0,66.67,77.78,63.64,33.33,High
INSP00481,RO0061,IOCL RO Jaipur New Colony,OFF14,Jaipur Office,Jaipur,Rajasthan,Rajasthan Region,Poor,2023-03-31,Q1,2023,Quarterly,Dinesh Rao,59,42,43,58.42,78.47,40,33,38.46,66.67,20.0,55.56,66.67,60.0,50.0,77.78,75.0,High
INSP00482,RO0061,IOCL RO Jaipur New Colony,OFF14,Jaipur Office,Jaipur,Rajasthan,Rajasthan Region,Poor,2023-06-30,Q2,2023,Quarterly,Sunita Gupta,49,49,46,50.0,93.06,49,36,58.33,75.0,83.33,66.67,18.18,57.14,87.5,18.18,33.33,High
INSP00483,RO0061,IOCL RO Jaipur New Colony,OFF14,Jaipur Office,Jaipur,Rajasthan,Rajasthan Region,Poor,2023-09-30,Q3,2023,Quarterly,Rekha Patel,54,47,43,53.47,86.81,45,35,16.67,62.5,50.0,66.67,50.0,63.64,50.0,66.67,100.0,High
INSP00484,RO0061,IOCL RO Jaipur New Colony,OFF14,Jaipur Office,Jaipur,Rajasthan,Rajasthan Region,Poor,2023-12-31,Q4,2023,Annual,Rohit Mishra,45,57,42,44.12,95.14,56,25,71.43,37.5,37.5,30.0,36.36,33.33,60.0,41.67,50.0,High
INSP00485,RO0061,IOCL RO Jaipur New Colony,OFF14,Jaipur Office,Jaipur,Rajasthan,Rajasthan Region,Poor,2024-03-31,Q1,2024,Quarterly,Rohit Mishra,52,52,40,50.0,90.28,51,28,71.43,40.0,25.0,45.45,66.67,45.45,37.5,40.0,66.67,High
INSP00486,RO0061,IOCL RO Jaipur New Colony,OFF14,Jaipur Office,Jaipur,Rajasthan,Rajasthan Region,Poor,2024-06-30,Q2,2024,Quarterly,Neha Agarwal,50,45,49,52.63,85.42,44,35,58.33,62.5,57.14,50.0,42.86,30.0,62.5,72.73,33.33,High
INSP00487,RO0061,IOCL RO Jaipur New Colony,OFF14,Jaipur Office,Jaipur,Rajasthan,Rajasthan Region,Poor,2024-09-30,Q3,2024,Quarterly,Vikram Pandey,48,51,45,48.48,88.19,51,25,54.55,66.67,57.14,50.0,60.0,62.5,25.0,27.27,0.0,High
INSP00488,RO0061,IOCL RO Jaipur New Colony,OFF14,Jaipur Office,Jaipur,Rajasthan,Rajasthan Region,Poor,2024-12-31,Q4,2024,Annual,Rajesh Kumar,47,59,38,44.34,99.31,56,31,46.15,37.5,66.67,45.45,27.27,54.55,40.0,27.27,50.0,High
INSP00489,RO0062,IOCL RO Jaipur Sector 1,OFF14,Jaipur Office,Jaipur,Rajasthan,Rajasthan Region,Good,2023-03-31,Q1,2023,Quarterly,Anjali Srivastava,102,11,31,90.27,28.47,9,23,90.91,85.71,85.71,100.0,90.91,100.0,100.0,91.67,100.0,Medium
INSP00490,RO0062,IOCL RO Jaipur Sector 1,OFF14,Jaipur Office,Jaipur,Rajasthan,Rajasthan Region,Good,2023-06-30,Q2,2023,Quarterly,Deepak Verma,103,9,32,91.96,28.47,9,23,84.62,100.0,85.71,90.91,100.0,90.0,100.0,91.67,100.0,Medium
INSP00491,RO0062,IOCL RO Jaipur Sector 1,OFF14,Jaipur Office,Jaipur,Rajasthan,Rajasthan Region,Good,2023-09-30,Q3,2023,Quarterly,Priya Singh,113,14,17,88.98,37.5,11,32,91.67,100.0,100.0,100.0,100.0,72.73,100.0,91.67,100.0,High
INSP00492,RO0062,IOCL RO Jaipur Sector 1,OFF14,Jaipur Office,Jaipur,Rajasthan,Rajasthan Region,Good,2023-12-31,Q4,2023,Annual,Neha Agarwal,112,5,27,95.73,22.22,4,24,85.71,100.0,87.5,100.0,100.0,100.0,100.0,100.0,75.0,Medium
INSP00493,RO0062,IOCL RO Jaipur Sector 1,OFF14,Jaipur Office,Jaipur,Rajasthan,Rajasthan Region,Good,2024-03-31,Q1,2024,Quarterly,Kavita Yadav,103,7,34,93.64,30.56,7,30,81.82,100.0,85.71,90.91,100.0,100.0,90.0,100.0,100.0,High
INSP00494,RO0062,IOCL RO Jaipur Sector 1,OFF14,Jaipur Office,Jaipur,Rajasthan,Rajasthan Region,Good,2024-06-30,Q2,2024,Quarterly,Neha Agarwal,106,7,31,93.81,25.69,7,23,100.0,71.43,100.0,100.0,100.0,100.0,88.89,91.67,100.0,Medium
INSP00495,RO0062,IOCL RO Jaipur Sector 1,OFF14,Jaipur Office,Jaipur,Rajasthan,Rajasthan Region,Good,2024-09-30,Q3,2024,Quarterly,Rajesh Kumar,100,8,36,92.59,25.69,6,25,84.62,87.5,100.0,90.91,90.91,100.0,100.0,91.67,100.0,Medium
INSP00496,RO0062,IOCL RO Jaipur Sector 1,OFF14,Jaipur Office,Jaipur,Rajasthan,Rajasthan Region,Good,2024-12-31,Q4,2024,Annual,Rajesh Kumar,101,9,34,91.82,26.39,9,20,91.67,87.5,100.0,72.73,100.0,90.0,80.0,100.0,100.0,Medium
INSP00497,RO0063,IOCL RO Jaipur Cantonment,OFF14,Jaipur Office,Jaipur,Rajasthan,Rajasthan Region,Poor,2023-03-31,Q1,2023,Quarterly,Kavita Yadav,57,38,49,60.0,78.47,40,33,77.78,50.0,42.86,63.64,87.5,54.55,66.67,37.5,50.0,High
INSP00498,RO0063,IOCL RO Jaipur Cantonment,OFF14,Jaipur Office,Jaipur,Rajasthan,Rajasthan Region,Poor,2023-06-30,Q2,2023,Quarterly,Amit Sharma,54,44,46,55.1,76.39,42,26,45.45,57.14,37.5,71.43,54.55,80.0,42.86,41.67,100.0,High
INSP00499,RO0063,IOCL RO Jaipur Cantonment,OFF14,Jaipur Office,Jaipur,Rajasthan,Rajasthan Region,Poor,2023-09-30,Q3,2023,Quarterly,Kavita Yadav,53,51,40,50.96,91.67,51,30,50.0,42.86,50.0,44.44,66.67,66.67,44.44,50.0,50.0,High
INSP00500,RO0063,IOCL RO Jaipur Cantonment,OFF14,Jaipur Office,Jaipur,Rajasthan,Rajasthan Region,Poor,2023-12-31,Q4,2023,Annual,Rekha Patel,43,57,44,43.0,97.22,57,26,53.85,20.0,16.67,40.0,27.27,50.0,62.5,36.36,50.0,High
INSP00501,RO0063,IOCL RO Jaipur Cantonment,OFF14,Jaipur Office,Jaipur,Rajasthan,Rajasthan Region,Poor,2024-03-31,Q1,2024,Quarterly,Alok Tripathi,52,41,51,55.91,77.78,40,32,53.85,42.86,50.0,75.0,44.44,57.14,75.0,50.0,50.0,High
INSP00502,RO0063,IOCL RO Jaipur Cantonment,OFF14,Jaipur Office,Jaipur,Rajasthan,Rajasthan Region,Poor,2024-06-30,Q2,2024,Quarterly,Pooja Chauhan,57,42,45,57.58,77.08,39,33,27.27,62.5,28.57,28.57,81.82,81.82,77.78,70.0,75.0,High
INSP00503,RO0063,IOCL RO Jaipur Cantonment,OFF14,Jaipur Office,Jaipur,Rajasthan,Rajasthan Region,Poor,2024-09-30,Q3,2024,Quarterly,Rahul Dubey,56,48,40,53.85,90.28,48,34,63.64,37.5,42.86,50.0,77.78,55.56,77.78,54.55,50.0,High
INSP00504,RO0063,IOCL RO Jaipur Cantonment,OFF14,Jaipur Office,Jaipur,Rajasthan,Rajasthan Region,Poor,2024-12-31,Q4,2024,Annual,Rajesh Kumar,57,46,41,55.34,84.03,44,33,63.64,62.5,28.57,50.0,55.56,62.5,62.5,33.33,50.0,High
INSP00505,RO0064,IOCL RO Jaipur Civil Lines,OFF14,Jaipur Office,Jaipur,Rajasthan,Rajasthan Region,Good,2023-03-31,Q1,2023,Quarterly,Sunita Gupta,100,9,35,91.74,24.31,10,15,83.33,100.0,100.0,100.0,81.82,81.82,88.89,100.0,100.0,Medium
INSP00506,RO0064,IOCL RO Jaipur Civil Lines,OFF14,Jaipur Office,Jaipur,Rajasthan,Rajasthan Region,Good,2023-06-30,Q2,2023,Quarterly,Kavita Yadav,106,6,32,94.64,29.17,6,30,92.31,100.0,100.0,90.0,91.67,100.0,100.0,91.67,100.0,Medium
INSP00507,RO0064,IOCL RO Jaipur Civil Lines,OFF14,Jaipur Office,Jaipur,Rajasthan,Rajasthan Region,Good,2023-09-30,Q3,2023,Quarterly,Rajesh Kumar,106,9,29,92.17,27.78,8,24,92.86,100.0,87.5,100.0,100.0,100.0,80.0,91.67,100.0,Medium
INSP00508,RO0064,IOCL RO Jaipur Civil Lines,OFF14,Jaipur Office,Jaipur,Rajasthan,Rajasthan Region,Good,2023-12-31,Q4,2023,Annual,Priya Singh,98,9,37,91.59,27.08,9,21,100.0,100.0,100.0,88.89,100.0,72.73,88.89,80.0,100.0,Medium
INSP00509,RO0064,IOCL RO Jaipur Civil Lines,OFF14,Jaipur Office,Jaipur,Rajasthan,Rajasthan Region,Good,2024-03-31,Q1,2024,Quarterly,Amit Sharma,94,16,34,85.45,34.03,15,19,81.82,87.5,71.43,72.73,91.67,90.0,88.89,83.33,66.67,High
INSP00510,RO0064,IOCL RO Jaipur Civil Lines,OFF14,Jaipur Office,Jaipur,Rajasthan,Rajasthan Region,Good,2024-06-30,Q2,2024,Quarterly,Rekha Patel,97,12,35,88.99,33.33,12,24,92.31,100.0,100.0,100.0,90.91,100.0,90.0,90.91,100.0,High
INSP00511,RO0064,IOCL RO Jaipur Civil Lines,OFF14,Jaipur Office,Jaipur,Rajasthan,Rajasthan Region,Good,2024-09-30,Q3,2024,Quarterly,Deepak Verma,100,10,34,90.91,29.86,9,25,83.33,100.0,100.0,90.0,90.91,90.0,80.0,90.91,100.0,Medium
INSP00512,RO0064,IOCL RO Jaipur Civil Lines,OFF14,Jaipur Office,Jaipur,Rajasthan,Rajasthan Region,Good,2024-12-31,Q4,2024,Annual,Suresh Nair,105,11,28,90.52,31.94,9,28,92.31,87.5,100.0,100.0,91.67,90.91,88.89,91.67,100.0,High
INSP00513,RO0065,IOCL RO Jaipur Highway,OFF14,Jaipur Office,Jaipur,Rajasthan,Rajasthan Region,Good,2023-03-31,Q1,2023,Quarterly,Rahul Dubey,104,6,34,94.55,22.22,7,18,100.0,100.0,71.43,100.0,90.91,90.0,100.0,100.0,100.0,Medium
INSP00514,RO0065,IOCL RO Jaipur Highway,OFF14,Jaipur Office,Jaipur,Rajasthan,Rajasthan Region,Good,2023-06-30,Q2,2023,Quarterly,Sunita Gupta,99,7,38,93.4,25.0,8,20,91.67,87.5,87.5,100.0,81.82,90.91,100.0,100.0,75.0,Medium
INSP00515,RO0065,IOCL RO Jaipur Highway,OFF14,Jaipur Office,Jaipur,Rajasthan,Rajasthan Region,Good,2023-09-30,Q3,2023,Quarterly,Anjali Srivastava,99,12,33,89.19,32.64,9,29,91.67,100.0,100.0,88.89,100.0,90.0,100.0,75.0,100.0,High
INSP00516,RO0065,IOCL RO Jaipur Highway,OFF14,Jaipur Office,Jaipur,Rajasthan,Rajasthan Region,Good,2023-12-31,Q4,2023,Annual,Rahul Dubey,104,4,36,96.3,18.06,4,18,100.0,100.0,100.0,90.0,90.91,90.0,100.0,100.0,66.67,Medium
INSP00517,RO0065,IOCL RO Jaipur Highway,OFF14,Jaipur Office,Jaipur,Rajasthan,Rajasthan Region,Good,2024-03-31,Q1,2024,Quarterly,Priya Singh,101,9,34,91.82,26.39,8,22,92.31,100.0,87.5,88.89,100.0,90.91,88.89,91.67,75.0,Medium
INSP00518,RO0065,IOCL RO Jaipur Highway,OFF14,Jaipur Office,Jaipur,Rajasthan,Rajasthan Region,Good,2024-06-30,Q2,2024,Quarterly,Dinesh Rao,102,10,32,91.07,29.86,9,25,76.92,100.0,83.33,100.0,100.0,90.91,90.0,91.67,75.0,Medium
INSP00519,RO0065,IOCL RO Jaipur Highway,OFF14,Jaipur Office,Jaipur,Rajasthan,Rajasthan Region,Good,2024-09-30,Q3,2024,Quarterly,Sunita Gupta,105,11,28,90.52,33.33,12,24,78.57,87.5,100.0,90.91,90.91,90.0,100.0,100.0,100.0,High
INSP00520,RO0065,IOCL RO Jaipur Highway,OFF14,Jaipur Office,Jaipur,Rajasthan,Rajasthan Region,Good,2024-12-31,Q4,2024,Annual,Manish Tiwari,99,9,36,91.67,27.78,12,16,90.91,100.0,85.71,90.0,100.0,100.0,77.78,91.67,100.0,Medium
INSP00521,RO0066,IOCL RO Jodhpur New Colony,OFF15,Jodhpur Office,Jodhpur,Rajasthan,Rajasthan Region,Poor,2023-03-31,Q1,2023,Quarterly,Pooja Chauhan,53,48,43,52.48,88.19,46,35,58.33,25.0,40.0,60.0,50.0,54.55,25.0,63.64,50.0,High
INSP00522,RO0066,IOCL RO Jodhpur New Colony,OFF15,Jodhpur Office,Jodhpur,Rajasthan,Rajasthan Region,Poor,2023-06-30,Q2,2023,Quarterly,Sanjay Joshi,59,47,38,55.66,86.81,43,39,58.33,66.67,62.5,77.78,54.55,72.73,66.67,40.0,66.67,High
INSP00523,RO0066,IOCL RO Jodhpur New Colony,OFF15,Jodhpur Office,Jodhpur,Rajasthan,Rajasthan Region,Poor,2023-09-30,Q3,2023,Quarterly,Suresh Nair,52,48,44,52.0,90.97,53,25,61.54,57.14,62.5,25.0,50.0,88.89,30.0,62.5,33.33,High
INSP00524,RO0066,IOCL RO Jodhpur New Colony,OFF15,Jodhpur Office,Jodhpur,Rajasthan,Rajasthan Region,Poor,2023-12-31,Q4,2023,Annual,Sanjay Joshi,57,46,41,55.34,87.5,45,36,61.54,42.86,50.0,54.55,66.67,80.0,55.56,37.5,25.0,High
INSP00525,RO0066,IOCL RO Jodhpur New Colony,OFF15,Jodhpur Office,Jodhpur,Rajasthan,Rajasthan Region,Poor,2024-03-31,Q1,2024,Quarterly,Dinesh Rao,50,52,42,49.02,93.75,53,29,58.33,60.0,28.57,55.56,33.33,50.0,50.0,63.64,33.33,High
INSP00526,RO0066,IOCL RO Jodhpur New Colony,OFF15,Jodhpur Office,Jodhpur,Rajasthan,Rajasthan Region,Poor,2024-06-30,Q2,2024,Quarterly,Rahul Dubey,50,50,44,50.0,89.58,48,33,36.36,16.67,83.33,66.67,60.0,50.0,50.0,50.0,0.0,High
INSP00527,RO0066,IOCL RO Jodhpur New Colony,OFF15,Jodhpur Office,Jodhpur,Rajasthan,Rajasthan Region,Poor,2024-09-30,Q3,2024,Quarterly,Neha Agarwal,50,51,43,49.5,89.58,50,29,38.46,28.57,37.5,50.0,80.0,72.73,42.86,54.55,50.0,High
INSP00528,RO0066,IOCL RO Jodhpur New Colony,OFF15,Jodhpur Office,Jodhpur,Rajasthan,Rajasthan Region,Poor,2024-12-31,Q4,2024,Annual,Sunita Gupta,60,46,38,56.6,90.28,48,34,40.0,62.5,50.0,45.45,75.0,57.14,44.44,30.0,50.0,High
INSP00529,RO0067,IOCL RO Jodhpur Sector 12,OFF15,Jodhpur Office,Jodhpur,Rajasthan,Rajasthan Region,Good,2023-03-31,Q1,2023,Quarterly,Rahul Dubey,108,6,30,94.74,20.83,6,18,92.31,87.5,100.0,100.0,100.0,100.0,100.0,81.82,100.0,Medium
INSP00530,RO0067,IOCL RO Jodhpur Sector 12,OFF15,Jodhpur Office,Jodhpur,Rajasthan,Rajasthan Region,Good,2023-06-30,Q2,2023,Quarterly,Neha Agarwal,107,4,33,96.4,25.0,4,28,92.31,100.0,100.0,90.0,90.91,90.91,100.0,100.0,100.0,Medium
INSP00531,RO0067,IOCL RO Jodhpur Sector 12,OFF15,Jodhpur Office,Jodhpur,Rajasthan,Rajasthan Region,Good,2023-09-30,Q3,2023,Quarterly,Sunita Gupta,95,11,38,89.62,31.94,11,24,92.31,100.0,100.0,90.91,90.0,90.91,66.67,90.0,100.0,High
INSP00532,RO0067,IOCL RO Jodhpur Sector 12,OFF15,Jodhpur Office,Jodhpur,Rajasthan,Rajasthan Region,Good,2023-12-31,Q4,2023,Annual,Neha Agarwal,102,10,32,91.07,26.39,12,14,100.0,87.5,100.0,100.0,91.67,90.0,90.0,81.82,100.0,Medium
INSP00533,RO0067,IOCL RO Jodhpur Sector 12,OFF15,Jodhpur Office,Jodhpur,Rajasthan,Rajasthan Region,Good,2024-03-31,Q1,2024,Quarterly,Priya Singh,104,11,29,90.43,32.64,11,25,92.31,85.71,100.0,81.82,100.0,100.0,100.0,100.0,100.0,High
INSP00534,RO0067,IOCL RO Jodhpur Sector 12,OFF15,Jodhpur Office,Jodhpur,Rajasthan,Rajasthan Region,Good,2024-06-30,Q2,2024,Quarterly,Kavita Yadav,104,10,30,91.23,31.94,10,26,92.31,100.0,100.0,90.91,81.82,100.0,100.0,81.82,100.0,High
INSP00535,RO0067,IOCL RO Jodhpur Sector 12,OFF15,Jodhpur Office,Jodhpur,Rajasthan,Rajasthan Region,Good,2024-09-30,Q3,2024,Quarterly,Deepak Verma,102,11,31,90.27,35.42,11,29,100.0,87.5,87.5,88.89,91.67,100.0,100.0,100.0,75.0,High
INSP00536,RO0067,IOCL RO Jodhpur Sector 12,OFF15,Jodhpur Office,Jodhpur,Rajasthan,Rajasthan Region,Good,2024-12-31,Q4,2024,Annual,Pooja Chauhan,105,9,30,92.11,27.78,10,20,100.0,100.0,100.0,81.82,90.91,90.91,100.0,81.82,100.0,Medium
INSP00537,RO0068,IOCL RO Jodhpur Phase 2,OFF15,Jodhpur Office,Jodhpur,Rajasthan,Rajasthan Region,Average,2023-03-31,Q1,2023,Quarterly,Shweta Bhatia,76,28,40,73.08,59.03,28,29,63.64,87.5,100.0,100.0,63.64,50.0,37.5,90.91,50.0,High
INSP00538,RO0068,IOCL RO Jodhpur Phase 2,OFF15,Jodhpur Office,Jodhpur,Rajasthan,Rajasthan Region,Average,2023-06-30,Q2,2023,Quarterly,Rekha Patel,83,21,40,79.81,54.17,24,30,100.0,85.71,71.43,55.56,66.67,90.91,88.89,75.0,75.0,High
INSP00539,RO0068,IOCL RO Jodhpur Phase 2,OFF15,Jodhpur Office,Jodhpur,Rajasthan,Rajasthan Region,Average,2023-09-30,Q3,2023,Quarterly,Sunita Gupta,79,22,43,78.22,47.22,18,32,81.82,100.0,100.0,62.5,75.0,75.0,77.78,81.82,100.0,High
INSP00540,RO0068,IOCL RO Jodhpur Phase 2,OFF15,Jodhpur Office,Jodhpur,Rajasthan,Rajasthan Region,Average,2023-12-31,Q4,2023,Annual,Rahul Dubey,84,22,38,79.25,52.08,20,35,92.31,57.14,66.67,77.78,81.82,100.0,75.0,100.0,100.0,High
INSP00541,RO0068,IOCL RO Jodhpur Phase 2,OFF15,Jodhpur Office,Jodhpur,Rajasthan,Rajasthan Region,Average,2024-03-31,Q1,2024,Quarterly,Sunita Gupta,77,26,41,74.76,59.03,26,33,80.0,50.0,57.14,90.0,70.0,88.89,62.5,91.67,66.67,High
INSP00542,RO0068,IOCL RO Jodhpur Phase 2,OFF15,Jodhpur Office,Jodhpur,Rajasthan,Rajasthan Region,Average,2024-06-30,Q2,2024,Quarterly,Priya Singh,83,21,40,79.81,53.47,26,25,100.0,66.67,57.14,100.0,100.0,54.55,100.0,60.0,66.67,High
INSP00543,RO0068,IOCL RO Jodhpur Phase 2,OFF15,Jodhpur Office,Jodhpur,Rajasthan,Rajasthan Region,Average,2024-09-30,Q3,2024,Quarterly,Sanjay Joshi,67,37,40,64.42,71.53,36,31,66.67,71.43,33.33,54.55,81.82,40.0,62.5,91.67,50.0,High
INSP00544,RO0068,IOCL RO Jodhpur Phase 2,OFF15,Jodhpur Office,Jodhpur,Rajasthan,Rajasthan Region,Average,2024-12-31,Q4,2024,Annual,Manish Tiwari,83,28,33,74.77,62.5,28,34,66.67,71.43,62.5,72.73,54.55,87.5,77.78,75.0,100.0,High
INSP00545,RO0069,IOCL RO Jodhpur Highway,OFF15,Jodhpur Office,Jodhpur,Rajasthan,Rajasthan Region,Good,2023-03-31,Q1,2023,Quarterly,Alok Tripathi,101,10,33,90.99,25.69,10,17,91.67,100.0,100.0,90.91,81.82,90.91,88.89,91.67,66.67,Medium
INSP00546,RO0069,IOCL RO Jodhpur Highway,OFF15,Jodhpur Office,Jodhpur,Rajasthan,Rajasthan Region,Good,2023-06-30,Q2,2023,Quarterly,Shweta Bhatia,104,11,29,90.43,27.78,10,20,84.62,100.0,75.0,100.0,83.33,100.0,90.0,100.0,100.0,Medium
INSP00547,RO0069,IOCL RO Jodhpur Highway,OFF15,Jodhpur Office,Jodhpur,Rajasthan,Rajasthan Region,Good,2023-09-30,Q3,2023,Quarterly,Alok Tripathi,95,13,36,87.96,32.64,13,21,90.91,100.0,71.43,81.82,75.0,100.0,100.0,80.0,100.0,High
INSP00548,RO0069,IOCL RO Jodhpur Highway,OFF15,Jodhpur Office,Jodhpur,Rajasthan,Rajasthan Region,Good,2023-12-31,Q4,2023,Annual,Shweta Bhatia,102,5,37,95.33,25.0,6,24,100.0,85.71,87.5,100.0,90.91,100.0,100.0,100.0,100.0,Medium
INSP00549,RO0069,IOCL RO Jodhpur Highway,OFF15,Jodhpur Office,Jodhpur,Rajasthan,Rajasthan Region,Good,2024-03-31,Q1,2024,Quarterly,Pooja Chauhan,109,9,26,92.37,27.78,8,24,100.0,100.0,100.0,63.64,91.67,100.0,100.0,100.0,100.0,Medium
INSP00550,RO0069,IOCL RO Jodhpur Highway,OFF15,Jodhpur Office,Jodhpur,Rajasthan,Rajasthan Region,Good,2024-06-30,Q2,2024,Quarterly,Rohit Mishra,104,9,31,92.04,25.0,8,20,100.0,100.0,100.0,90.91,91.67,81.82,100.0,83.33,75.0,Medium
INSP00551,RO0069,IOCL RO Jodhpur Highway,OFF15,Jodhpur Office,Jodhpur,Rajasthan,Rajasthan Region,Good,2024-09-30,Q3,2024,Quarterly,Rekha Patel,108,5,31,95.58,22.92,5,23,100.0,87.5,100.0,90.0,91.67,90.0,100.0,100.0,100.0,Medium
INSP00552,RO0069,IOCL RO Jodhpur Highway,OFF15,Jodhpur Office,Jodhpur,Rajasthan,Rajasthan Region,Good,2024-12-31,Q4,2024,Annual,Deepak Verma,110,2,32,98.21,18.75,4,19,100.0,100.0,85.71,90.91,100.0,100.0,100.0,100.0,100.0,Medium
INSP00553,RO0070,IOCL RO Chandigarh GT Road,OFF16,Chandigarh Office,Chandigarh,Punjab,Punjab Haryana Region,Good,2023-03-31,Q1,2023,Quarterly,Alok Tripathi,105,7,32,93.75,22.92,7,19,100.0,87.5,100.0,100.0,100.0,100.0,100.0,100.0,75.0,Medium
INSP00554,RO0070,IOCL RO Chandigarh GT Road,OFF16,Chandigarh Office,Chandigarh,Punjab,Punjab Haryana Region,Good,2023-06-30,Q2,2023,Quarterly,Neha Agarwal,104,7,33,93.69,22.22,4,24,100.0,100.0,100.0,90.91,100.0,88.89,100.0,90.91,100.0,Medium
INSP00555,RO0070,IOCL RO Chandigarh GT Road,OFF16,Chandigarh Office,Chandigarh,Punjab,Punjab Haryana Region,Good,2023-09-30,Q3,2023,Quarterly,Sunita Gupta,101,19,24,84.17,36.81,17,19,84.62,100.0,85.71,81.82,91.67,81.82,90.0,83.33,75.0,High
INSP00556,RO0070,IOCL RO Chandigarh GT Road,OFF16,Chandigarh Office,Chandigarh,Punjab,Punjab Haryana Region,Good,2023-12-31,Q4,2023,Annual,Amit Sharma,104,6,34,94.55,18.06,5,16,100.0,100.0,100.0,90.91,100.0,100.0,100.0,91.67,100.0,Medium
INSP00557,RO0070,IOCL RO Chandigarh GT Road,OFF16,Chandigarh Office,Chandigarh,Punjab,Punjab Haryana Region,Good,2024-03-31,Q1,2024,Quarterly,Alok Tripathi,109,7,28,93.97,22.22,5,22,92.31,100.0,100.0,100.0,100.0,100.0,90.0,90.91,100.0,Medium
INSP00558,RO0070,IOCL RO Chandigarh GT Road,OFF16,Chandigarh Office,Chandigarh,Punjab,Punjab Haryana Region,Good,2024-06-30,Q2,2024,Quarterly,Meena Saxena,99,18,27,84.62,38.19,17,21,76.92,87.5,100.0,81.82,100.0,90.91,77.78,91.67,66.67,High
INSP00559,RO0070,IOCL RO Chandigarh GT Road,OFF16,Chandigarh Office,Chandigarh,Punjab,Punjab Haryana Region,Good,2024-09-30,Q3,2024,Quarterly,Rajesh Kumar,103,9,32,91.96,28.47,11,19,92.86,87.5,87.5,100.0,100.0,90.0,88.89,91.67,100.0,Medium
INSP00560,RO0070,IOCL RO Chandigarh GT Road,OFF16,Chandigarh Office,Chandigarh,Punjab,Punjab Haryana Region,Good,2024-12-31,Q4,2024,Annual,Dinesh Rao,108,8,28,93.1,18.06,7,12,92.31,85.71,100.0,100.0,83.33,100.0,88.89,100.0,100.0,Medium
INSP00561,RO0071,IOCL RO Chandigarh Main Road,OFF16,Chandigarh Office,Chandigarh,Punjab,Punjab Haryana Region,Average,2023-03-31,Q1,2023,Quarterly,Rahul Dubey,62,25,57,71.26,54.17,24,30,88.89,66.67,100.0,42.86,77.78,57.14,100.0,80.0,33.33,High
INSP00562,RO0071,IOCL RO Chandigarh Main Road,OFF16,Chandigarh Office,Chandigarh,Punjab,Punjab Haryana Region,Average,2023-06-30,Q2,2023,Quarterly,Rohit Mishra,80,21,43,79.21,51.39,24,26,100.0,100.0,62.5,77.78,83.33,88.89,66.67,70.0,100.0,High
INSP00563,RO0071,IOCL RO Chandigarh Main Road,OFF16,Chandigarh Office,Chandigarh,Punjab,Punjab Haryana Region,Average,2023-09-30,Q3,2023,Quarterly,Suresh Nair,82,18,44,82.0,52.08,19,37,100.0,87.5,71.43,70.0,90.0,81.82,85.71,70.0,66.67,High
INSP00564,RO0071,IOCL RO Chandigarh Main Road,OFF16,Chandigarh Office,Chandigarh,Punjab,Punjab Haryana Region,Average,2023-12-31,Q4,2023,Annual,Rohit Mishra,85,16,43,84.16,45.83,18,30,83.33,75.0,85.71,100.0,70.0,66.67,88.89,88.89,100.0,High
INSP00565,RO0071,IOCL RO Chandigarh Main Road,OFF16,Chandigarh Office,Chandigarh,Punjab,Punjab Haryana Region,Average,2024-03-31,Q1,2024,Quarterly,Suresh Nair,83,19,42,81.37,52.08,21,33,90.91,100.0,85.71,62.5,70.0,77.78,100.0,83.33,100.0,High
INSP00566,RO0071,IOCL RO Chandigarh Main Road,OFF16,Chandigarh Office,Chandigarh,Punjab,Punjab Haryana Region,Average,2024-06-30,Q2,2024,Quarterly,Rohit Mishra,84,16,44,84.0,51.39,18,38,84.62,87.5,71.43,70.0,100.0,90.0,87.5,81.82,100.0,High
INSP00567,RO0071,IOCL RO Chandigarh Main Road,OFF16,Chandigarh Office,Chandigarh,Punjab,Punjab Haryana Region,Average,2024-09-30,Q3,2024,Quarterly,Neha Agarwal,76,27,41,73.79,55.56,26,28,91.67,87.5,75.0,44.44,100.0,81.82,66.67,50.0,50.0,High
INSP00568,RO0071,IOCL RO Chandigarh Main Road,OFF16,Chandigarh Office,Chandigarh,Punjab,Punjab Haryana Region,Average,2024-12-31,Q4,2024,Annual,Deepak Verma,78,21,45,78.79,51.39,20,34,91.67,62.5,80.0,90.0,100.0,55.56,90.0,70.0,100.0,High
INSP00569,RO0072,IOCL RO Chandigarh Sector 18,OFF16,Chandigarh Office,Chandigarh,Punjab,Punjab Haryana Region,Good,2023-03-31,Q1,2023,Quarterly,Rahul Dubey,106,8,30,92.98,29.17,6,30,92.31,100.0,100.0,100.0,91.67,100.0,100.0,90.0,100.0,Medium
INSP00570,RO0072,IOCL RO Chandigarh Sector 18,OFF16,Chandigarh Office,Chandigarh,Punjab,Punjab Haryana Region,Good,2023-06-30,Q2,2023,Quarterly,Rohit Mishra,102,9,33,91.89,30.56,9,26,91.67,87.5,87.5,100.0,72.73,100.0,90.0,90.91,100.0,High
INSP00571,RO0072,IOCL RO Chandigarh Sector 18,OFF16,Chandigarh Office,Chandigarh,Punjab,Punjab Haryana Region,Good,2023-09-30,Q3,2023,Quarterly,Sanjay Joshi,111,6,27,94.87,25.0,5,26,100.0,100.0,100.0,90.91,91.67,90.91,100.0,100.0,100.0,Medium
INSP00572,RO0072,IOCL RO Chandigarh Sector 18,OFF16,Chandigarh Office,Chandigarh,Punjab,Punjab Haryana Region,Good,2023-12-31,Q4,2023,Annual,Dinesh Rao,107,8,29,93.04,27.78,9,22,92.31,87.5,87.5,100.0,81.82,100.0,90.0,100.0,100.0,Medium
INSP00573,RO0072,IOCL RO Chandigarh Sector 18,OFF16,Chandigarh Office,Chandigarh,Punjab,Punjab Haryana Region,Good,2024-03-31,Q1,2024,Quarterly,Pooja Chauhan,103,9,32,91.96,31.25,9,27,100.0,87.5,87.5,90.91,81.82,100.0,100.0,100.0,100.0,High
INSP00574,RO0072,IOCL RO Chandigarh Sector 18,OFF16,Chandigarh Office,Chandigarh,Punjab,Punjab Haryana Region,Good,2024-06-30,Q2,2024,Quarterly,Amit Sharma,100,11,33,90.09,34.03,11,27,75.0,100.0,85.71,100.0,72.73,90.0,100.0,91.67,100.0,High
INSP00575,RO0072,IOCL RO Chandigarh Sector 18,OFF16,Chandigarh Office,Chandigarh,Punjab,Punjab Haryana Region,Good,2024-09-30,Q3,2024,Quarterly,Meena Saxena,101,12,31,89.38,36.11,13,26,92.31,100.0,87.5,80.0,100.0,81.82,100.0,90.91,100.0,High
INSP00576,RO0072,IOCL RO Chandigarh Sector 18,OFF16,Chandigarh Office,Chandigarh,Punjab,Punjab Haryana Region,Good,2024-12-31,Q4,2024,Annual,Shweta Bhatia,102,7,35,93.58,25.69,8,21,100.0,100.0,87.5,80.0,100.0,100.0,77.78,90.91,100.0,Medium
INSP00577,RO0073,IOCL RO Chandigarh Sector 18,OFF16,Chandigarh Office,Chandigarh,Punjab,Punjab Haryana Region,Poor,2023-03-31,Q1,2023,Quarterly,Neha Agarwal,60,41,43,59.41,83.33,40,40,66.67,42.86,50.0,45.45,60.0,44.44,100.0,80.0,66.67,High
INSP00578,RO0073,IOCL RO Chandigarh Sector 18,OFF16,Chandigarh Office,Chandigarh,Punjab,Punjab Haryana Region,Poor,2023-06-30,Q2,2023,Quarterly,Deepak Verma,53,51,40,50.96,87.5,48,30,50.0,62.5,37.5,44.44,62.5,40.0,66.67,37.5,75.0,High
INSP00579,RO0073,IOCL RO Chandigarh Sector 18,OFF16,Chandigarh Office,Chandigarh,Punjab,Punjab Haryana Region,Poor,2023-09-30,Q3,2023,Quarterly,Manish Tiwari,55,50,39,52.38,93.75,50,35,41.67,50.0,57.14,60.0,16.67,60.0,42.86,63.64,66.67,High
INSP00580,RO0073,IOCL RO Chandigarh Sector 18,OFF16,Chandigarh Office,Chandigarh,Punjab,Punjab Haryana Region,Poor,2023-12-31,Q4,2023,Annual,Neha Agarwal,54,56,34,49.09,96.53,55,29,61.54,16.67,42.86,55.56,58.33,63.64,50.0,45.45,25.0,High
INSP00581,RO0073,IOCL RO Chandigarh Sector 18,OFF16,Chandigarh Office,Chandigarh,Punjab,Punjab Haryana Region,Poor,2024-03-31,Q1,2024,Quarterly,Alok Tripathi,50,56,38,47.17,94.44,54,28,63.64,40.0,75.0,50.0,41.67,44.44,50.0,36.36,25.0,High
INSP00582,RO0073,IOCL RO Chandigarh Sector 18,OFF16,Chandigarh Office,Chandigarh,Punjab,Punjab Haryana Region,Poor,2024-06-30,Q2,2024,Quarterly,Rajesh Kumar,49,48,47,50.52,83.33,46,28,63.64,42.86,80.0,70.0,14.29,45.45,66.67,37.5,33.33,High
INSP00583,RO0073,IOCL RO Chandigarh Sector 18,OFF16,Chandigarh Office,Chandigarh,Punjab,Punjab Haryana Region,Poor,2024-09-30,Q3,2024,Quarterly,Shweta Bhatia,60,39,45,60.61,75.69,39,31,81.82,50.0,50.0,55.56,50.0,50.0,42.86,80.0,66.67,High
INSP00584,RO0073,IOCL RO Chandigarh Sector 18,OFF16,Chandigarh Office,Chandigarh,Punjab,Punjab Haryana Region,Poor,2024-12-31,Q4,2024,Annual,Amit Sharma,41,62,41,39.81,97.22,60,20,36.36,37.5,42.86,27.27,25.0,72.73,12.5,55.56,50.0,High
INSP00585,RO0074,IOCL RO Chandigarh GT Road,OFF16,Chandigarh Office,Chandigarh,Punjab,Punjab Haryana Region,Average,2023-03-31,Q1,2023,Quarterly,Pooja Chauhan,82,22,40,78.85,53.47,21,35,83.33,75.0,85.71,85.71,70.0,72.73,75.0,90.0,100.0,High
INSP00586,RO0074,IOCL RO Chandigarh GT Road,OFF16,Chandigarh Office,Chandigarh,Punjab,Punjab Haryana Region,Average,2023-06-30,Q2,2023,Quarterly,Dinesh Rao,84,18,42,82.35,45.14,16,33,76.92,62.5,100.0,62.5,100.0,60.0,100.0,88.89,100.0,High
INSP00587,RO0074,IOCL RO Chandigarh GT Road,OFF16,Chandigarh Office,Chandigarh,Punjab,Punjab Haryana Region,Average,2023-09-30,Q3,2023,Quarterly,Neha Agarwal,74,27,43,73.27,59.72,27,32,80.0,100.0,57.14,54.55,90.0,55.56,77.78,83.33,66.67,High
INSP00588,RO0074,IOCL RO Chandigarh GT Road,OFF16,Chandigarh Office,Chandigarh,Punjab,Punjab Haryana Region,Average,2023-12-31,Q4,2023,Annual,Rahul Dubey,64,27,53,70.33,55.56,25,30,81.82,100.0,50.0,100.0,66.67,60.0,75.0,63.64,100.0,High
INSP00589,RO0074,IOCL RO Chandigarh GT Road,OFF16,Chandigarh Office,Chandigarh,Punjab,Punjab Haryana Region,Average,2024-03-31,Q1,2024,Quarterly,Shweta Bhatia,74,28,42,72.55,56.94,30,22,42.86,50.0,83.33,90.0,77.78,70.0,55.56,81.82,100.0,High
INSP00590,RO0074,IOCL RO Chandigarh GT Road,OFF16,Chandigarh Office,Chandigarh,Punjab,Punjab Haryana Region,Average,2024-06-30,Q2,2024,Quarterly,Sanjay Joshi,79,27,38,74.53,63.89,27,38,75.0,71.43,66.67,90.0,70.0,77.78,77.78,72.73,75.0,High
INSP00591,RO0074,IOCL RO Chandigarh GT Road,OFF16,Chandigarh Office,Chandigarh,Punjab,Punjab Haryana Region,Average,2024-09-30,Q3,2024,Quarterly,Alok Tripathi,78,25,41,75.73,61.81,24,41,90.0,37.5,50.0,90.0,100.0,72.73,80.0,72.73,66.67,High
INSP00592,RO0074,IOCL RO Chandigarh GT Road,OFF16,Chandigarh Office,Chandigarh,Punjab,Punjab Haryana Region,Average,2024-12-31,Q4,2024,Annual,Priya Singh,75,29,40,72.12,62.5,29,32,76.92,100.0,87.5,90.0,77.78,77.78,66.67,66.67,66.67,High
INSP00593,RO0075,IOCL RO Ludhiana New Colony,OFF17,Ludhiana Office,Ludhiana,Punjab,Punjab Haryana Region,Good,2023-03-31,Q1,2023,Quarterly,Shweta Bhatia,106,11,27,90.6,31.94,10,26,84.62,87.5,100.0,100.0,83.33,100.0,100.0,91.67,100.0,High
INSP00594,RO0075,IOCL RO Ludhiana New Colony,OFF17,Ludhiana Office,Ludhiana,Punjab,Punjab Haryana Region,Good,2023-06-30,Q2,2023,Quarterly,Priya Singh,100,11,33,90.09,34.72,11,28,92.31,100.0,87.5,100.0,83.33,70.0,88.89,91.67,100.0,High
INSP00595,RO0075,IOCL RO Ludhiana New Colony,OFF17,Ludhiana Office,Ludhiana,Punjab,Punjab Haryana Region,Good,2023-09-30,Q3,2023,Quarterly,Anjali Srivastava,100,11,33,90.09,29.17,9,24,81.82,75.0,100.0,90.0,90.0,90.91,80.0,91.67,100.0,Medium
INSP00596,RO0075,IOCL RO Ludhiana New Colony,OFF17,Ludhiana Office,Ludhiana,Punjab,Punjab Haryana Region,Good,2023-12-31,Q4,2023,Annual,Rajesh Kumar,103,9,32,91.96,31.94,9,28,100.0,100.0,100.0,90.91,90.91,90.91,85.71,75.0,100.0,High
INSP00597,RO0075,IOCL RO Ludhiana New Colony,OFF17,Ludhiana Office,Ludhiana,Punjab,Punjab Haryana Region,Good,2024-03-31,Q1,2024,Quarterly,Sanjay Joshi,96,14,34,87.27,29.86,12,19,83.33,87.5,71.43,81.82,90.0,88.89,80.0,90.0,75.0,Medium
INSP00598,RO0075,IOCL RO Ludhiana New Colony,OFF17,Ludhiana Office,Ludhiana,Punjab,Punjab Haryana Region,Good,2024-06-30,Q2,2024,Quarterly,Dinesh Rao,97,13,34,88.18,37.5,11,32,75.0,100.0,87.5,90.91,100.0,90.0,100.0,91.67,75.0,High
INSP00599,RO0075,IOCL RO Ludhiana New Colony,OFF17,Ludhiana Office,Ludhiana,Punjab,Punjab Haryana Region,Good,2024-09-30,Q3,2024,Quarterly,Deepak Verma,104,12,28,89.66,30.56,11,22,92.86,100.0,87.5,90.91,91.67,81.82,100.0,90.91,75.0,High
INSP00600,RO0075,IOCL RO Ludhiana New Colony,OFF17,Ludhiana Office,Ludhiana,Punjab,Punjab Haryana Region,Good,2024-12-31,Q4,2024,Annual,Rohit Mishra,100,13,31,88.5,32.64,17,13,100.0,87.5,71.43,100.0,100.0,54.55,77.78,83.33,100.0,High
INSP00601,RO0076,IOCL RO Ludhiana Sector 18,OFF17,Ludhiana Office,Ludhiana,Punjab,Punjab Haryana Region,Good,2023-03-31,Q1,2023,Quarterly,Anjali Srivastava,103,9,32,91.96,26.39,8,22,84.62,85.71,100.0,100.0,100.0,90.91,80.0,83.33,100.0,Medium
INSP00602,RO0076,IOCL RO Ludhiana Sector 18,OFF17,Ludhiana Office,Ludhiana,Punjab,Punjab Haryana Region,Good,2023-06-30,Q2,2023,Quarterly,Neha Agarwal,103,12,29,89.57,26.39,7,24,84.62,100.0,87.5,90.91,83.33,100.0,88.89,100.0,100.0,Medium
INSP00603,RO0076,IOCL RO Ludhiana Sector 18,OFF17,Ludhiana Office,Ludhiana,Punjab,Punjab Haryana Region,Good,2023-09-30,Q3,2023,Quarterly,Pooja Chauhan,100,8,36,92.59,25.0,8,20,100.0,87.5,87.5,90.0,100.0,90.91,100.0,87.5,75.0,Medium
INSP00604,RO0076,IOCL RO Ludhiana Sector 18,OFF17,Ludhiana Office,Ludhiana,Punjab,Punjab Haryana Region,Good,2023-12-31,Q4,2023,Annual,Meena Saxena,104,8,32,92.86,27.78,8,24,92.31,75.0,87.5,100.0,90.91,88.89,100.0,100.0,100.0,Medium
INSP00605,RO0076,IOCL RO Ludhiana Sector 18,OFF17,Ludhiana Office,Ludhiana,Punjab,Punjab Haryana Region,Good,2024-03-31,Q1,2024,Quarterly,Anjali Srivastava,97,10,37,90.65,25.69,9,19,91.67,100.0,87.5,90.0,83.33,90.0,77.78,100.0,100.0,Medium
INSP00606,RO0076,IOCL RO Ludhiana Sector 18,OFF17,Ludhiana Office,Ludhiana,Punjab,Punjab Haryana Region,Good,2024-06-30,Q2,2024,Quarterly,Deepak Verma,98,9,37,91.59,29.86,9,25,91.67,100.0,100.0,100.0,90.0,90.0,90.0,91.67,100.0,Medium
INSP00607,RO0076,IOCL RO Ludhiana Sector 18,OFF17,Ludhiana Office,Ludhiana,Punjab,Punjab Haryana Region,Good,2024-09-30,Q3,2024,Quarterly,Priya Singh,104,9,31,92.04,29.17,9,24,92.31,87.5,100.0,100.0,83.33,100.0,70.0,100.0,100.0,Medium
INSP00608,RO0076,IOCL RO Ludhiana Sector 18,OFF17,Ludhiana Office,Ludhiana,Punjab,Punjab Haryana Region,Good,2024-12-31,Q4,2024,Annual,Dinesh Rao,100,9,35,91.74,20.14,6,17,84.62,85.71,100.0,100.0,100.0,90.91,80.0,100.0,100.0,Medium
INSP00609,RO0077,IOCL RO Ludhiana Highway,OFF17,Ludhiana Office,Ludhiana,Punjab,Punjab Haryana Region,Average,2023-03-31,Q1,2023,Quarterly,Priya Singh,86,19,39,81.9,53.47,20,37,90.91,87.5,75.0,81.82,72.73,72.73,100.0,100.0,75.0,High
INSP00610,RO0077,IOCL RO Ludhiana Highway,OFF17,Ludhiana Office,Ludhiana,Punjab,Punjab Haryana Region,Average,2023-06-30,Q2,2023,Quarterly,Kavita Yadav,81,25,38,76.42,55.56,26,28,84.62,71.43,75.0,100.0,77.78,88.89,66.67,81.82,75.0,High
INSP00611,RO0077,IOCL RO Ludhiana Highway,OFF17,Ludhiana Office,Ludhiana,Punjab,Punjab Haryana Region,Average,2023-09-30,Q3,2023,Quarterly,Rohit Mishra,85,23,36,78.7,56.94,25,32,69.23,87.5,85.71,70.0,75.0,80.0,80.0,100.0,75.0,High
INSP00612,RO0077,IOCL RO Ludhiana Highway,OFF17,Ludhiana Office,Ludhiana,Punjab,Punjab Haryana Region,Average,2023-12-31,Q4,2023,Annual,Anjali Srivastava,74,28,42,72.55,59.03,29,27,69.23,75.0,87.5,75.0,72.73,70.0,55.56,81.82,100.0,High
INSP00613,RO0077,IOCL RO Ludhiana Highway,OFF17,Ludhiana Office,Ludhiana,Punjab,Punjab Haryana Region,Average,2024-03-31,Q1,2024,Quarterly,Vikram Pandey,91,22,31,80.53,61.81,23,43,64.29,100.0,85.71,66.67,100.0,81.82,80.0,75.0,100.0,High
INSP00614,RO0077,IOCL RO Ludhiana Highway,OFF17,Ludhiana Office,Ludhiana,Punjab,Punjab Haryana Region,Average,2024-06-30,Q2,2024,Quarterly,Rohit Mishra,85,21,38,80.19,52.78,22,32,75.0,83.33,87.5,63.64,90.91,66.67,100.0,90.91,66.67,High
INSP00615,RO0077,IOCL RO Ludhiana Highway,OFF17,Ludhiana Office,Ludhiana,Punjab,Punjab Haryana Region,Average,2024-09-30,Q3,2024,Quarterly,Sanjay Joshi,85,25,34,77.27,59.03,21,43,75.0,85.71,85.71,60.0,63.64,88.89,100.0,90.91,75.0,High
INSP00616,RO0077,IOCL RO Ludhiana Highway,OFF17,Ludhiana Office,Ludhiana,Punjab,Punjab Haryana Region,Average,2024-12-31,Q4,2024,Annual,Anjali Srivastava,81,22,41,78.64,54.17,24,30,92.31,50.0,85.71,75.0,63.64,70.0,100.0,75.0,100.0,High
INSP00617,RO0078,IOCL RO Ludhiana Main Road,OFF17,Ludhiana Office,Ludhiana,Punjab,Punjab Haryana Region,Average,2023-03-31,Q1,2023,Quarterly,Rajesh Kumar,78,23,43,77.23,56.25,23,35,88.89,50.0,75.0,80.0,90.0,80.0,88.89,72.73,33.33,High
INSP00618,RO0078,IOCL RO Ludhiana Main Road,OFF17,Ludhiana Office,Ludhiana,Punjab,Punjab Haryana Region,Average,2023-06-30,Q2,2023,Quarterly,Pooja Chauhan,82,20,42,80.39,59.72,20,46,83.33,50.0,100.0,90.0,72.73,77.78,88.89,80.0,100.0,High
INSP00619,RO0078,IOCL RO Ludhiana Main Road,OFF17,Ludhiana Office,Ludhiana,Punjab,Punjab Haryana Region,Average,2023-09-30,Q3,2023,Quarterly,Amit Sharma,72,32,40,69.23,64.58,31,31,66.67,57.14,66.67,75.0,81.82,90.0,70.0,81.82,66.67,High
INSP00620,RO0078,IOCL RO Ludhiana Main Road,OFF17,Ludhiana Office,Ludhiana,Punjab,Punjab Haryana Region,Average,2023-12-31,Q4,2023,Annual,Vikram Pandey,71,37,36,65.74,71.53,31,41,75.0,100.0,62.5,72.73,60.0,54.55,55.56,55.56,100.0,High
INSP00621,RO0078,IOCL RO Ludhiana Main Road,OFF17,Ludhiana Office,Ludhiana,Punjab,Punjab Haryana Region,Average,2024-03-31,Q1,2024,Quarterly,Anjali Srivastava,85,20,39,80.95,54.17,19,40,100.0,87.5,66.67,75.0,90.91,88.89,80.0,75.0,75.0,High
INSP00622,RO0078,IOCL RO Ludhiana Main Road,OFF17,Ludhiana Office,Ludhiana,Punjab,Punjab Haryana Region,Average,2024-06-30,Q2,2024,Quarterly,Neha Agarwal,81,19,44,81.0,52.08,17,41,75.0,100.0,87.5,100.0,81.82,87.5,88.89,90.0,50.0,High
INSP00623,RO0078,IOCL RO Ludhiana Main Road,OFF17,Ludhiana Office,Ludhiana,Punjab,Punjab Haryana Region,Average,2024-09-30,Q3,2024,Quarterly,Priya Singh,83,22,39,79.05,58.33,26,32,92.31,71.43,85.71,71.43,75.0,81.82,88.89,81.82,75.0,High
INSP00624,RO0078,IOCL RO Ludhiana Main Road,OFF17,Ludhiana Office,Ludhiana,Punjab,Punjab Haryana Region,Average,2024-12-31,Q4,2024,Annual,Anjali Srivastava,69,35,40,66.35,70.14,31,39,69.23,62.5,71.43,88.89,50.0,57.14,88.89,81.82,50.0,High
INSP00625,RO0079,IOCL RO Amritsar Sector 12,OFF18,Amritsar Office,Amritsar,Punjab,Punjab Haryana Region,Average,2023-03-31,Q1,2023,Quarterly,Neha Agarwal,75,24,45,75.76,55.56,23,34,91.67,85.71,100.0,70.0,80.0,60.0,88.89,90.91,100.0,High
INSP00626,RO0079,IOCL RO Amritsar Sector 12,OFF18,Amritsar Office,Amritsar,Punjab,Punjab Haryana Region,Average,2023-06-30,Q2,2023,Quarterly,Sunita Gupta,77,23,44,77.0,57.64,23,37,60.0,57.14,75.0,90.0,77.78,66.67,77.78,100.0,100.0,High
INSP00627,RO0079,IOCL RO Amritsar Sector 12,OFF18,Amritsar Office,Amritsar,Punjab,Punjab Haryana Region,Average,2023-09-30,Q3,2023,Quarterly,Neha Agarwal,87,24,33,78.38,58.33,23,38,100.0,85.71,62.5,80.0,72.73,72.73,90.0,90.91,75.0,High
INSP00628,RO0079,IOCL RO Amritsar Sector 12,OFF18,Amritsar Office,Amritsar,Punjab,Punjab Haryana Region,Average,2023-12-31,Q4,2023,Annual,Vikram Pandey,68,28,48,70.83,57.64,26,31,50.0,100.0,83.33,100.0,88.89,87.5,70.0,36.36,100.0,High
INSP00629,RO0079,IOCL RO Amritsar Sector 12,OFF18,Amritsar Office,Amritsar,Punjab,Punjab Haryana Region,Average,2024-03-31,Q1,2024,Quarterly,Amit Sharma,80,28,36,74.07,61.81,26,37,83.33,85.71,85.71,75.0,63.64,81.82,80.0,63.64,50.0,High
INSP00630,RO0079,IOCL RO Amritsar Sector 12,OFF18,Amritsar Office,Amritsar,Punjab,Punjab Haryana Region,Average,2024-06-30,Q2,2024,Quarterly,Dinesh Rao,80,24,40,76.92,52.08,21,33,75.0,66.67,100.0,70.0,60.0,90.91,57.14,81.82,75.0,High
INSP00631,RO0079,IOCL RO Amritsar Sector 12,OFF18,Amritsar Office,Amritsar,Punjab,Punjab Haryana Region,Average,2024-09-30,Q3,2024,Quarterly,Pooja Chauhan,72,30,42,70.59,62.5,32,26,80.0,100.0,71.43,77.78,83.33,60.0,50.0,50.0,50.0,High
INSP00632,RO0079,IOCL RO Amritsar Sector 12,OFF18,Amritsar Office,Amritsar,Punjab,Punjab Haryana Region,Average,2024-12-31,Q4,2024,Annual,Pooja Chauhan,80,25,39,76.19,58.33,26,32,83.33,100.0,85.71,70.0,83.33,77.78,77.78,77.78,25.0,High
INSP00633,RO0080,IOCL RO Amritsar Bypass,OFF18,Amritsar Office,Amritsar,Punjab,Punjab Haryana Region,Good,2023-03-31,Q1,2023,Quarterly,Neha Agarwal,102,9,33,91.89,29.17,9,24,90.91,87.5,100.0,90.91,100.0,81.82,100.0,100.0,100.0,Medium
INSP00634,RO0080,IOCL RO Amritsar Bypass,OFF18,Amritsar Office,Amritsar,Punjab,Punjab Haryana Region,Good,2023-06-30,Q2,2023,Quarterly,Deepak Verma,99,9,36,91.67,34.03,10,29,100.0,85.71,100.0,90.91,90.91,100.0,87.5,90.0,100.0,High
INSP00635,RO0080,IOCL RO Amritsar Bypass,OFF18,Amritsar Office,Amritsar,Punjab,Punjab Haryana Region,Good,2023-09-30,Q3,2023,Quarterly,Rekha Patel,105,8,31,92.92,26.39,8,22,100.0,100.0,85.71,81.82,100.0,90.91,100.0,100.0,75.0,Medium
INSP00636,RO0080,IOCL RO Amritsar Bypass,OFF18,Amritsar Office,Amritsar,Punjab,Punjab Haryana Region,Good,2023-12-31,Q4,2023,Annual,Rajesh Kumar,111,7,26,94.07,27.78,7,26,100.0,100.0,75.0,100.0,100.0,100.0,90.0,100.0,75.0,Medium
INSP00637,RO0080,IOCL RO Amritsar Bypass,OFF18,Amritsar Office,Amritsar,Punjab,Punjab Haryana Region,Good,2024-03-31,Q1,2024,Quarterly,Manish Tiwari,99,10,35,90.83,28.47,8,25,92.31,85.71,87.5,100.0,91.67,100.0,100.0,100.0,100.0,Medium
INSP00638,RO0080,IOCL RO Amritsar Bypass,OFF18,Amritsar Office,Amritsar,Punjab,Punjab Haryana Region,Good,2024-06-30,Q2,2024,Quarterly,Sanjay Joshi,101,8,35,92.66,26.39,6,26,100.0,75.0,100.0,100.0,77.78,100.0,90.0,100.0,75.0,Medium
INSP00639,RO0080,IOCL RO Amritsar Bypass,OFF18,Amritsar Office,Amritsar,Punjab,Punjab Haryana Region,Good,2024-09-30,Q3,2024,Quarterly,Shweta Bhatia,99,10,35,90.83,28.47,8,25,84.62,75.0,87.5,100.0,100.0,100.0,90.0,100.0,100.0,Medium
INSP00640,RO0080,IOCL RO Amritsar Bypass,OFF18,Amritsar Office,Amritsar,Punjab,Punjab Haryana Region,Good,2024-12-31,Q4,2024,Annual,Amit Sharma,96,13,35,88.07,31.25,11,23,75.0,100.0,100.0,100.0,90.91,90.91,80.0,91.67,100.0,High
INSP00641,RO0081,IOCL RO Amritsar Civil Lines,OFF18,Amritsar Office,Amritsar,Punjab,Punjab Haryana Region,Average,2023-03-31,Q1,2023,Quarterly,Pooja Chauhan,67,32,45,67.68,60.42,30,27,72.73,71.43,85.71,36.36,90.0,70.0,66.67,70.0,100.0,High
INSP00642,RO0081,IOCL RO Amritsar Civil Lines,OFF18,Amritsar Office,Amritsar,Punjab,Punjab Haryana Region,Average,2023-06-30,Q2,2023,Quarterly,Suresh Nair,84,24,36,77.78,60.42,23,41,70.0,87.5,87.5,80.0,45.45,81.82,88.89,90.0,100.0,High
INSP00643,RO0081,IOCL RO Amritsar Civil Lines,OFF18,Amritsar Office,Amritsar,Punjab,Punjab Haryana Region,Average,2023-09-30,Q3,2023,Quarterly,Rajesh Kumar,68,36,40,65.38,71.53,37,29,57.14,75.0,87.5,20.0,70.0,90.0,33.33,70.0,100.0,High
INSP00644,RO0081,IOCL RO Amritsar Civil Lines,OFF18,Amritsar Office,Amritsar,Punjab,Punjab Haryana Region,Average,2023-12-31,Q4,2023,Annual,Neha Agarwal,74,24,46,75.51,52.78,24,28,81.82,87.5,57.14,70.0,77.78,87.5,80.0,55.56,75.0,High
INSP00645,RO0081,IOCL RO Amritsar Civil Lines,OFF18,Amritsar Office,Amritsar,Punjab,Punjab Haryana Region,Average,2024-03-31,Q1,2024,Quarterly,Amit Sharma,74,28,42,72.55,58.33,29,26,70.0,75.0,71.43,55.56,54.55,75.0,70.0,72.73,100.0,High
INSP00646,RO0081,IOCL RO Amritsar Civil Lines,OFF18,Amritsar Office,Amritsar,Punjab,Punjab Haryana Region,Average,2024-06-30,Q2,2024,Quarterly,Priya Singh,77,22,45,77.78,51.39,25,24,84.62,62.5,85.71,81.82,60.0,80.0,100.0,80.0,50.0,High
INSP00647,RO0081,IOCL RO Amritsar Civil Lines,OFF18,Amritsar Office,Amritsar,Punjab,Punjab Haryana Region,Average,2024-09-30,Q3,2024,Quarterly,Sunita Gupta,73,27,44,73.0,58.33,26,32,75.0,71.43,50.0,100.0,63.64,66.67,75.0,72.73,50.0,High
INSP00648,RO0081,IOCL RO Amritsar Civil Lines,OFF18,Amritsar Office,Amritsar,Punjab,Punjab Haryana Region,Average,2024-12-31,Q4,2024,Annual,Sunita Gupta,82,20,42,80.39,45.83,17,32,70.0,87.5,83.33,90.0,80.0,63.64,90.0,100.0,100.0,High
INSP00649,RO0082,IOCL RO Amritsar Sector 18,OFF18,Amritsar Office,Amritsar,Punjab,Punjab Haryana Region,Good,2023-03-31,Q1,2023,Quarterly,Rohit Mishra,100,6,38,94.34,24.31,6,23,100.0,100.0,87.5,100.0,100.0,100.0,88.89,90.0,100.0,Medium
INSP00650,RO0082,IOCL RO Amritsar Sector 18,OFF18,Amritsar Office,Amritsar,Punjab,Punjab Haryana Region,Good,2023-06-30,Q2,2023,Quarterly,Priya Singh,104,14,26,88.14,36.11,14,24,85.71,85.71,100.0,80.0,83.33,80.0,100.0,83.33,100.0,High
INSP00651,RO0082,IOCL RO Amritsar Sector 18,OFF18,Amritsar Office,Amritsar,Punjab,Punjab Haryana Region,Good,2023-09-30,Q3,2023,Quarterly,Shweta Bhatia,100,8,36,92.59,25.0,8,20,75.0,100.0,100.0,90.0,100.0,100.0,100.0,91.67,75.0,Medium
INSP00652,RO0082,IOCL RO Amritsar Sector 18,OFF18,Amritsar Office,Amritsar,Punjab,Punjab Haryana Region,Good,2023-12-31,Q4,2023,Annual,Sanjay Joshi,104,6,34,94.55,27.78,6,28,100.0,83.33,100.0,100.0,100.0,100.0,88.89,100.0,75.0,Medium
INSP00653,RO0082,IOCL RO Amritsar Sector 18,OFF18,Amritsar Office,Amritsar,Punjab,Punjab Haryana Region,Good,2024-03-31,Q1,2024,Quarterly,Rekha Patel,102,9,33,91.89,27.78,6,28,91.67,100.0,100.0,90.91,90.91,100.0,90.0,100.0,100.0,Medium
INSP00654,RO0082,IOCL RO Amritsar Sector 18,OFF18,Amritsar Office,Amritsar,Punjab,Punjab Haryana Region,Good,2024-06-30,Q2,2024,Quarterly,Suresh Nair,106,5,33,95.5,25.69,5,27,92.31,87.5,100.0,100.0,100.0,100.0,100.0,83.33,100.0,Medium
INSP00655,RO0082,IOCL RO Amritsar Sector 18,OFF18,Amritsar Office,Amritsar,Punjab,Punjab Haryana Region,Good,2024-09-30,Q3,2024,Quarterly,Anjali Srivastava,105,5,34,95.45,25.69,4,29,100.0,100.0,100.0,88.89,100.0,100.0,100.0,100.0,75.0,Medium
INSP00656,RO0082,IOCL RO Amritsar Sector 18,OFF18,Amritsar Office,Amritsar,Punjab,Punjab Haryana Region,Good,2024-12-31,Q4,2024,Annual,Vikram Pandey,107,5,32,95.54,22.22,6,20,100.0,100.0,100.0,90.0,100.0,100.0,100.0,75.0,100.0,Medium
INSP00657,RO0083,IOCL RO Dehradun Main Road,OFF19,Dehradun Office,Dehradun,Uttarakhand,Uttarakhand Region,Average,2023-03-31,Q1,2023,Quarterly,Kavita Yadav,74,19,51,79.57,41.67,17,26,75.0,75.0,83.33,81.82,88.89,83.33,75.0,100.0,100.0,High
INSP00658,RO0083,IOCL RO Dehradun Main Road,OFF19,Dehradun Office,Dehradun,Uttarakhand,Uttarakhand Region,Average,2023-06-30,Q2,2023,Quarterly,Anjali Srivastava,70,28,46,71.43,59.72,26,34,63.64,85.71,50.0,90.0,77.78,90.0,66.67,72.73,66.67,High
INSP00659,RO0083,IOCL RO Dehradun Main Road,OFF19,Dehradun Office,Dehradun,Uttarakhand,Uttarakhand Region,Average,2023-09-30,Q3,2023,Quarterly,Suresh Nair,82,18,44,82.0,55.56,20,40,83.33,100.0,85.71,90.0,87.5,77.78,90.0,81.82,100.0,High
INSP00660,RO0083,IOCL RO Dehradun Main Road,OFF19,Dehradun Office,Dehradun,Uttarakhand,Uttarakhand Region,Average,2023-12-31,Q4,2023,Annual,Anjali Srivastava,84,22,38,79.25,54.17,21,36,91.67,100.0,85.71,60.0,90.0,55.56,80.0,72.73,75.0,High
INSP00661,RO0083,IOCL RO Dehradun Main Road,OFF19,Dehradun Office,Dehradun,Uttarakhand,Uttarakhand Region,Average,2024-03-31,Q1,2024,Quarterly,Kavita Yadav,77,24,43,76.24,54.17,20,38,83.33,100.0,100.0,90.0,77.78,80.0,71.43,80.0,50.0,High
INSP00662,RO0083,IOCL RO Dehradun Main Road,OFF19,Dehradun Office,Dehradun,Uttarakhand,Uttarakhand Region,Average,2024-06-30,Q2,2024,Quarterly,Sanjay Joshi,75,24,45,75.76,56.94,23,36,81.82,57.14,85.71,70.0,72.73,90.0,85.71,77.78,50.0,High
INSP00663,RO0083,IOCL RO Dehradun Main Road,OFF19,Dehradun Office,Dehradun,Uttarakhand,Uttarakhand Region,Average,2024-09-30,Q3,2024,Quarterly,Rajesh Kumar,80,28,36,74.07,61.81,26,37,76.92,87.5,57.14,100.0,63.64,62.5,60.0,91.67,75.0,High
INSP00664,RO0083,IOCL RO Dehradun Main Road,OFF19,Dehradun Office,Dehradun,Uttarakhand,Uttarakhand Region,Average,2024-12-31,Q4,2024,Annual,Dinesh Rao,77,28,39,73.33,55.56,27,26,72.73,57.14,71.43,80.0,83.33,72.73,70.0,72.73,100.0,High
INSP00665,RO0084,IOCL RO Dehradun Ring Road,OFF19,Dehradun Office,Dehradun,Uttarakhand,Uttarakhand Region,Good,2023-03-31,Q1,2023,Quarterly,Sanjay Joshi,99,12,33,89.19,37.5,13,28,92.86,62.5,100.0,100.0,100.0,100.0,77.78,100.0,66.67,High
INSP00666,RO0084,IOCL RO Dehradun Ring Road,OFF19,Dehradun Office,Dehradun,Uttarakhand,Uttarakhand Region,Good,2023-06-30,Q2,2023,Quarterly,Neha Agarwal,98,15,31,86.73,36.11,15,22,84.62,87.5,100.0,81.82,91.67,80.0,90.0,91.67,100.0,High
INSP00667,RO0084,IOCL RO Dehradun Ring Road,OFF19,Dehradun Office,Dehradun,Uttarakhand,Uttarakhand Region,Good,2023-09-30,Q3,2023,Quarterly,Sunita Gupta,104,9,31,92.04,27.08,9,21,92.86,75.0,85.71,100.0,90.91,100.0,80.0,90.91,100.0,Medium
INSP00668,RO0084,IOCL RO Dehradun Ring Road,OFF19,Dehradun Office,Dehradun,Uttarakhand,Uttarakhand Region,Good,2023-12-31,Q4,2023,Annual,Sanjay Joshi,104,13,27,88.89,32.64,12,23,85.71,75.0,87.5,90.91,100.0,90.91,100.0,100.0,100.0,High
INSP00669,RO0084,IOCL RO Dehradun Ring Road,OFF19,Dehradun Office,Dehradun,Uttarakhand,Uttarakhand Region,Good,2024-03-31,Q1,2024,Quarterly,Vikram Pandey,108,8,28,93.1,27.08,7,25,91.67,85.71,87.5,100.0,91.67,90.0,100.0,91.67,100.0,Medium
INSP00670,RO0084,IOCL RO Dehradun Ring Road,OFF19,Dehradun Office,Dehradun,Uttarakhand,Uttarakhand Region,Good,2024-06-30,Q2,2024,Quarterly,Neha Agarwal,105,7,32,93.75,27.08,6,27,84.62,87.5,87.5,100.0,83.33,90.0,100.0,100.0,100.0,Medium
INSP00671,RO0084,IOCL RO Dehradun Ring Road,OFF19,Dehradun Office,Dehradun,Uttarakhand,Uttarakhand Region,Good,2024-09-30,Q3,2024,Quarterly,Dinesh Rao,100,11,33,90.09,25.69,9,19,92.31,87.5,100.0,81.82,100.0,90.0,90.0,81.82,100.0,Medium
INSP00672,RO0084,IOCL RO Dehradun Ring Road,OFF19,Dehradun Office,Dehradun,Uttarakhand,Uttarakhand Region,Good,2024-12-31,Q4,2024,Annual,Neha Agarwal,103,9,32,91.96,25.69,8,21,76.92,75.0,100.0,100.0,100.0,100.0,100.0,90.91,100.0,Medium
INSP00673,RO0085,IOCL RO Dehradun Sector 4,OFF19,Dehradun Office,Dehradun,Uttarakhand,Uttarakhand Region,Average,2023-03-31,Q1,2023,Quarterly,Manish Tiwari,80,25,39,76.19,58.33,22,40,90.0,71.43,85.71,72.73,90.0,72.73,70.0,72.73,50.0,High
INSP00674,RO0085,IOCL RO Dehradun Sector 4,OFF19,Dehradun Office,Dehradun,Uttarakhand,Uttarakhand Region,Average,2023-06-30,Q2,2023,Quarterly,Neha Agarwal,85,16,43,84.16,47.92,15,39,81.82,37.5,100.0,90.0,100.0,77.78,100.0,90.0,100.0,High
INSP00675,RO0085,IOCL RO Dehradun Sector 4,OFF19,Dehradun Office,Dehradun,Uttarakhand,Uttarakhand Region,Average,2023-09-30,Q3,2023,Quarterly,Deepak Verma,77,26,41,74.76,60.42,29,29,69.23,66.67,85.71,88.89,72.73,81.82,66.67,77.78,100.0,High
INSP00676,RO0085,IOCL RO Dehradun Sector 4,OFF19,Dehradun Office,Dehradun,Uttarakhand,Uttarakhand Region,Average,2023-12-31,Q4,2023,Annual,Shweta Bhatia,73,27,44,73.0,59.72,27,32,58.33,85.71,62.5,54.55,72.73,81.82,85.71,75.0,0.0,High
INSP00677,RO0085,IOCL RO Dehradun Sector 4,OFF19,Dehradun Office,Dehradun,Uttarakhand,Uttarakhand Region,Average,2024-03-31,Q1,2024,Quarterly,Suresh Nair,89,19,36,82.41,50.69,17,39,91.67,87.5,71.43,80.0,100.0,100.0,80.0,75.0,100.0,High
INSP00678,RO0085,IOCL RO Dehradun Sector 4,OFF19,Dehradun Office,Dehradun,Uttarakhand,Uttarakhand Region,Average,2024-06-30,Q2,2024,Quarterly,Anjali Srivastava,84,15,45,84.85,50.0,15,42,100.0,57.14,60.0,66.67,87.5,100.0,75.0,90.0,100.0,High
INSP00679,RO0085,IOCL RO Dehradun Sector 4,OFF19,Dehradun Office,Dehradun,Uttarakhand,Uttarakhand Region,Average,2024-09-30,Q3,2024,Quarterly,Rahul Dubey,76,28,40,73.08,59.03,25,35,63.64,87.5,100.0,72.73,58.33,60.0,66.67,90.0,50.0,High
INSP00680,RO0085,IOCL RO Dehradun Sector 4,OFF19,Dehradun Office,Dehradun,Uttarakhand,Uttarakhand Region,Average,2024-12-31,Q4,2024,Annual,Dinesh Rao,74,35,35,67.89,70.14,31,39,66.67,42.86,75.0,80.0,100.0,63.64,70.0,72.73,25.0,High
INSP00681,RO0086,IOCL RO Dehradun Sector 34,OFF19,Dehradun Office,Dehradun,Uttarakhand,Uttarakhand Region,Good,2023-03-31,Q1,2023,Quarterly,Priya Singh,95,15,34,86.36,31.94,13,20,90.91,85.71,87.5,90.91,100.0,90.0,80.0,83.33,100.0,High
INSP00682,RO0086,IOCL RO Dehradun Sector 34,OFF19,Dehradun Office,Dehradun,Uttarakhand,Uttarakhand Region,Good,2023-06-30,Q2,2023,Quarterly,Meena Saxena,95,14,35,87.16,35.42,14,23,100.0,87.5,71.43,90.0,77.78,80.0,100.0,100.0,75.0,High
INSP00683,RO0086,IOCL RO Dehradun Sector 34,OFF19,Dehradun Office,Dehradun,Uttarakhand,Uttarakhand Region,Good,2023-09-30,Q3,2023,Quarterly,Neha Agarwal,104,8,32,92.86,22.22,8,16,100.0,87.5,71.43,90.91,100.0,90.91,100.0,100.0,100.0,Medium
INSP00684,RO0086,IOCL RO Dehradun Sector 34,OFF19,Dehradun Office,Dehradun,Uttarakhand,Uttarakhand Region,Good,2023-12-31,Q4,2023,Annual,Anjali Srivastava,106,6,32,94.64,25.69,5,27,75.0,100.0,100.0,90.91,100.0,90.91,100.0,100.0,100.0,Medium
INSP00685,RO0086,IOCL RO Dehradun Sector 34,OFF19,Dehradun Office,Dehradun,Uttarakhand,Uttarakhand Region,Good,2024-03-31,Q1,2024,Quarterly,Deepak Verma,103,7,34,93.64,25.0,6,24,91.67,85.71,87.5,100.0,100.0,100.0,90.0,83.33,100.0,Medium
INSP00686,RO0086,IOCL RO Dehradun Sector 34,OFF19,Dehradun Office,Dehradun,Uttarakhand,Uttarakhand Region,Good,2024-06-30,Q2,2024,Quarterly,Suresh Nair,101,6,37,94.39,21.53,3,25,81.82,87.5,100.0,100.0,100.0,90.91,100.0,100.0,75.0,Medium
INSP00687,RO0086,IOCL RO Dehradun Sector 34,OFF19,Dehradun Office,Dehradun,Uttarakhand,Uttarakhand Region,Good,2024-09-30,Q3,2024,Quarterly,Amit Sharma,107,10,27,91.45,30.56,9,26,100.0,100.0,85.71,100.0,100.0,90.0,100.0,80.0,66.67,High
INSP00688,RO0086,IOCL RO Dehradun Sector 34,OFF19,Dehradun Office,Dehradun,Uttarakhand,Uttarakhand Region,Good,2024-12-31,Q4,2024,Annual,Rahul Dubey,104,9,31,92.04,26.39,7,24,83.33,100.0,100.0,100.0,90.91,90.91,100.0,91.67,100.0,Medium
INSP00689,RO0087,IOCL RO Haridwar Sector 22,OFF20,Haridwar Office,Haridwar,Uttarakhand,Uttarakhand Region,Poor,2023-03-31,Q1,2023,Quarterly,Kavita Yadav,54,52,38,50.94,91.67,54,24,58.33,50.0,57.14,60.0,75.0,54.55,40.0,33.33,50.0,High
INSP00690,RO0087,IOCL RO Haridwar Sector 22,OFF20,Haridwar Office,Haridwar,Uttarakhand,Uttarakhand Region,Poor,2023-06-30,Q2,2023,Quarterly,Pooja Chauhan,49,57,38,46.23,100.69,56,33,38.46,28.57,57.14,72.73,40.0,50.0,44.44,27.27,75.0,High
INSP00691,RO0087,IOCL RO Haridwar Sector 22,OFF20,Haridwar Office,Haridwar,Uttarakhand,Uttarakhand Region,Poor,2023-09-30,Q3,2023,Quarterly,Pooja Chauhan,56,44,44,56.0,75.69,44,21,60.0,66.67,37.5,66.67,45.45,66.67,70.0,41.67,50.0,High
INSP00692,RO0087,IOCL RO Haridwar Sector 22,OFF20,Haridwar Office,Haridwar,Uttarakhand,Uttarakhand Region,Poor,2023-12-31,Q4,2023,Annual,Rahul Dubey,40,53,51,43.01,90.97,52,27,27.27,28.57,50.0,80.0,20.0,28.57,14.29,70.0,100.0,High
INSP00693,RO0087,IOCL RO Haridwar Sector 22,OFF20,Haridwar Office,Haridwar,Uttarakhand,Uttarakhand Region,Poor,2024-03-31,Q1,2024,Quarterly,Rohit Mishra,56,48,40,53.85,84.72,47,28,50.0,66.67,42.86,55.56,72.73,22.22,100.0,40.0,75.0,High
INSP00694,RO0087,IOCL RO Haridwar Sector 22,OFF20,Haridwar Office,Haridwar,Uttarakhand,Uttarakhand Region,Poor,2024-06-30,Q2,2024,Quarterly,Deepak Verma,44,62,38,41.51,103.47,62,25,46.15,60.0,37.5,42.86,54.55,33.33,33.33,33.33,50.0,High
INSP00695,RO0087,IOCL RO Haridwar Sector 22,OFF20,Haridwar Office,Haridwar,Uttarakhand,Uttarakhand Region,Poor,2024-09-30,Q3,2024,Quarterly,Kavita Yadav,61,44,39,58.1,85.42,43,37,60.0,16.67,50.0,75.0,50.0,77.78,70.0,54.55,75.0,High
INSP00696,RO0087,IOCL RO Haridwar Sector 22,OFF20,Haridwar Office,Haridwar,Uttarakhand,Uttarakhand Region,Poor,2024-12-31,Q4,2024,Annual,Rohit Mishra,51,51,42,50.0,88.19,51,25,11.11,62.5,87.5,36.36,50.0,44.44,55.56,63.64,33.33,High
INSP00697,RO0088,IOCL RO Haridwar Main Road,OFF20,Haridwar Office,Haridwar,Uttarakhand,Uttarakhand Region,Good,2023-03-31,Q1,2023,Quarterly,Rohit Mishra,101,11,32,90.18,25.69,7,23,83.33,83.33,87.5,100.0,91.67,100.0,100.0,91.67,50.0,Medium
INSP00698,RO0088,IOCL RO Haridwar Main Road,OFF20,Haridwar Office,Haridwar,Uttarakhand,Uttarakhand Region,Good,2023-06-30,Q2,2023,Quarterly,Sanjay Joshi,108,7,29,93.91,24.31,7,21,92.86,75.0,100.0,100.0,100.0,100.0,90.0,90.91,100.0,Medium
INSP00699,RO0088,IOCL RO Haridwar Main Road,OFF20,Haridwar Office,Haridwar,Uttarakhand,Uttarakhand Region,Good,2023-09-30,Q3,2023,Quarterly,Anjali Srivastava,99,13,32,88.39,36.11,15,22,100.0,87.5,100.0,80.0,100.0,66.67,90.0,91.67,100.0,High
INSP00700,RO0088,IOCL RO Haridwar Main Road,OFF20,Haridwar Office,Haridwar,Uttarakhand,Uttarakhand Region,Good,2023-12-31,Q4,2023,Annual,Meena Saxena,102,8,34,92.73,23.61,9,16,100.0,75.0,100.0,90.91,100.0,100.0,77.78,91.67,75.0,Medium
INSP00701,RO0088,IOCL RO Haridwar Main Road,OFF20,Haridwar Office,Haridwar,Uttarakhand,Uttarakhand Region,Good,2024-03-31,Q1,2024,Quarterly,Alok Tripathi,101,11,32,90.18,30.56,11,22,92.86,100.0,71.43,90.0,91.67,90.0,100.0,100.0,75.0,High
INSP00702,RO0088,IOCL RO Haridwar Main Road,OFF20,Haridwar Office,Haridwar,Uttarakhand,Uttarakhand Region,Good,2024-06-30,Q2,2024,Quarterly,Alok Tripathi,101,10,33,90.99,31.25,10,25,85.71,100.0,100.0,100.0,90.91,90.91,77.78,90.91,100.0,High
INSP00703,RO0088,IOCL RO Haridwar Main Road,OFF20,Haridwar Office,Haridwar,Uttarakhand,Uttarakhand Region,Good,2024-09-30,Q3,2024,Quarterly,Vikram Pandey,97,11,36,89.81,29.86,10,23,100.0,100.0,87.5,90.91,90.91,100.0,77.78,90.91,100.0,Medium
INSP00704,RO0088,IOCL RO Haridwar Main Road,OFF20,Haridwar Office,Haridwar,Uttarakhand,Uttarakhand Region,Good,2024-12-31,Q4,2024,Annual,Dinesh Rao,102,9,33,91.89,27.08,9,21,100.0,100.0,71.43,100.0,83.33,88.89,100.0,91.67,100.0,Medium
INSP00705,RO0089,IOCL RO Haridwar Old Town,OFF20,Haridwar Office,Haridwar,Uttarakhand,Uttarakhand Region,Average,2023-03-31,Q1,2023,Quarterly,Alok Tripathi,83,22,39,79.05,56.25,23,35,81.82,71.43,62.5,90.0,90.91,90.0,88.89,81.82,25.0,High
INSP00706,RO0089,IOCL RO Haridwar Old Town,OFF20,Haridwar Office,Haridwar,Uttarakhand,Uttarakhand Region,Average,2023-06-30,Q2,2023,Quarterly,Vikram Pandey,74,29,41,71.84,54.86,26,27,61.54,87.5,100.0,60.0,75.0,55.56,66.67,63.64,50.0,High
INSP00707,RO0089,IOCL RO Haridwar Old Town,OFF20,Haridwar Office,Haridwar,Uttarakhand,Uttarakhand Region,Average,2023-09-30,Q3,2023,Quarterly,Dinesh Rao,72,32,40,69.23,70.14,31,39,76.92,50.0,71.43,72.73,90.91,70.0,77.78,66.67,100.0,High
INSP00708,RO0089,IOCL RO Haridwar Old Town,OFF20,Haridwar Office,Haridwar,Uttarakhand,Uttarakhand Region,Average,2023-12-31,Q4,2023,Annual,Amit Sharma,81,23,40,77.88,54.86,22,35,63.64,62.5,87.5,81.82,80.0,100.0,87.5,83.33,66.67,High
INSP00709,RO0089,IOCL RO Haridwar Old Town,OFF20,Haridwar Office,Haridwar,Uttarakhand,Uttarakhand Region,Average,2024-03-31,Q1,2024,Quarterly,Rajesh Kumar,71,32,41,68.93,65.97,29,37,41.67,37.5,85.71,70.0,72.73,88.89,50.0,87.5,75.0,High
INSP00710,RO0089,IOCL RO Haridwar Old Town,OFF20,Haridwar Office,Haridwar,Uttarakhand,Uttarakhand Region,Average,2024-06-30,Q2,2024,Quarterly,Meena Saxena,86,26,32,76.79,59.03,24,37,81.82,57.14,100.0,90.91,81.82,72.73,44.44,72.73,100.0,High
INSP00711,RO0089,IOCL RO Haridwar Old Town,OFF20,Haridwar Office,Haridwar,Uttarakhand,Uttarakhand Region,Average,2024-09-30,Q3,2024,Quarterly,Rohit Mishra,79,22,43,78.22,52.78,21,34,76.92,50.0,85.71,80.0,88.89,72.73,87.5,72.73,50.0,High
INSP00712,RO0089,IOCL RO Haridwar Old Town,OFF20,Haridwar Office,Haridwar,Uttarakhand,Uttarakhand Region,Average,2024-12-31,Q4,2024,Annual,Pooja Chauhan,75,25,44,75.0,60.42,23,41,72.73,75.0,87.5,100.0,70.0,28.57,71.43,77.78,50.0,High
